Date/Time,Temp (Â°C),Weather,YesterdayWeather
2019-01-01 00:00,3.38,8,yesterday:None
2019-01-01 04:00,1.85,3,yesterday:None
2019-01-01 08:00,0.15,2,yesterday:None
2019-01-01 12:00,-1.18,2,yesterday:None
2019-01-01 16:00,-4.72,2,yesterday:None
2019-01-01 20:00,-7.5,1,yesterday:None
2019-01-02 00:00,-7.88,2,yesterday:11
2019-01-02 04:00,-8.62,2,yesterday:11
2019-01-02 08:00,-7.9,2,yesterday:11
2019-01-02 12:00,-5.12,11,yesterday:11
2019-01-02 16:00,-3.18,11,yesterday:11
2019-01-02 20:00,-1.15,11,yesterday:11
2019-01-03 00:00,-1.25,11,yesterday:11
2019-01-03 04:00,-0.5,3,yesterday:11
2019-01-03 08:00,-0.77,3,yesterday:11
2019-01-03 12:00,-0.45,3,yesterday:11
2019-01-03 16:00,0.12,3,yesterday:11
2019-01-03 20:00,0.12,2,yesterday:11
2019-01-04 00:00,0.42,2,yesterday:2
2019-01-04 04:00,0.3,1,yesterday:2
2019-01-04 08:00,2.08,0,yesterday:2
2019-01-04 12:00,6.8,0,yesterday:2
2019-01-04 16:00,4.47,0,yesterday:2
2019-01-04 20:00,1.9,0,yesterday:2
2019-01-05 00:00,-0.62,0,yesterday:8
2019-01-05 04:00,0.12,3,yesterday:8
2019-01-05 08:00,1.78,3,yesterday:8
2019-01-05 12:00,2.9,3,yesterday:8
2019-01-05 16:00,1.18,3,yesterday:8
2019-01-05 20:00,1.62,8,yesterday:8
2019-01-06 00:00,3.45,8,yesterday:11
2019-01-06 04:00,2.05,11,yesterday:11
2019-01-06 08:00,0.72,11,yesterday:11
2019-01-06 12:00,-0.43,11,yesterday:11
2019-01-06 16:00,-2.95,2,yesterday:11
2019-01-06 20:00,-5.8,3,yesterday:11
2019-01-07 00:00,-7.5,3,yesterday:15
2019-01-07 04:00,-7.45,11,yesterday:15
2019-01-07 08:00,-4.03,11,yesterday:15
2019-01-07 12:00,-3.45,11,yesterday:15
2019-01-07 16:00,-1.5,3,yesterday:15
2019-01-07 20:00,1.15,15,yesterday:15
2019-01-08 00:00,5.9,6,yesterday:8
2019-01-08 04:00,5.18,2,yesterday:8
2019-01-08 08:00,5.05,2,yesterday:8
2019-01-08 12:00,5.32,8,yesterday:8
2019-01-08 16:00,4.5,8,yesterday:8
2019-01-08 20:00,3.9,8,yesterday:8
2019-01-09 00:00,2.2,6,yesterday:10
2019-01-09 04:00,0.38,2,yesterday:10
2019-01-09 08:00,-0.58,10,yesterday:10
2019-01-09 12:00,-0.32,10,yesterday:10
2019-01-09 16:00,-2.12,2,yesterday:10
2019-01-09 20:00,-3.78,10,yesterday:10
2019-01-10 00:00,-5.0,2,yesterday:11
2019-01-10 04:00,-6.15,10,yesterday:11
2019-01-10 08:00,-6.02,10,yesterday:11
2019-01-10 12:00,-5.8,1,yesterday:11
2019-01-10 16:00,-8.5,10,yesterday:11
2019-01-10 20:00,-8.65,11,yesterday:11
2019-01-11 00:00,-11.7,2,yesterday:3
2019-01-11 04:00,-13.52,2,yesterday:3
2019-01-11 08:00,-12.72,2,yesterday:3
2019-01-11 12:00,-9.15,1,yesterday:3
2019-01-11 16:00,-8.52,2,yesterday:3
2019-01-11 20:00,-8.95,3,yesterday:3
2019-01-12 00:00,-7.98,3,yesterday:3
2019-01-12 04:00,-7.1,3,yesterday:3
2019-01-12 08:00,-6.8,2,yesterday:3
2019-01-12 12:00,-4.92,2,yesterday:3
2019-01-12 16:00,-5.92,3,yesterday:3
2019-01-12 20:00,-8.07,3,yesterday:3
2019-01-13 00:00,-9.22,3,yesterday:3
2019-01-13 04:00,-10.45,2,yesterday:3
2019-01-13 08:00,-9.7,1,yesterday:3
2019-01-13 12:00,-6.12,1,yesterday:3
2019-01-13 16:00,-7.2,1,yesterday:3
2019-01-13 20:00,-8.28,2,yesterday:3
2019-01-14 00:00,-7.6,3,yesterday:3
2019-01-14 04:00,-7.4,3,yesterday:3
2019-01-14 08:00,-5.18,2,yesterday:3
2019-01-14 12:00,-2.25,2,yesterday:3
2019-01-14 16:00,-3.58,2,yesterday:3
2019-01-14 20:00,-4.35,2,yesterday:3
2019-01-15 00:00,-4.0,3,yesterday:11
2019-01-15 04:00,-2.9,11,yesterday:11
2019-01-15 08:00,-1.68,11,yesterday:11
2019-01-15 12:00,-0.3,3,yesterday:11
2019-01-15 16:00,-1.52,11,yesterday:11
2019-01-15 20:00,-2.25,11,yesterday:11
2019-01-16 00:00,-2.48,11,yesterday:11
2019-01-16 04:00,-2.02,11,yesterday:11
2019-01-16 08:00,-1.4,11,yesterday:11
2019-01-16 12:00,-3.55,10,yesterday:11
2019-01-16 16:00,-7.65,1,yesterday:11
2019-01-16 20:00,-10.5,1,yesterday:11
2019-01-17 00:00,-11.1,1,yesterday:11
2019-01-17 04:00,-12.28,1,yesterday:11
2019-01-17 08:00,-10.45,10,yesterday:11
2019-01-17 12:00,-5.85,3,yesterday:11
2019-01-17 16:00,-5.05,3,yesterday:11
2019-01-17 20:00,-3.98,11,yesterday:11
2019-01-18 00:00,-4.0,11,yesterday:11
2019-01-18 04:00,-3.85,11,yesterday:11
2019-01-18 08:00,-1.88,2,yesterday:11
2019-01-18 12:00,-0.85,11,yesterday:11
2019-01-18 16:00,-2.72,2,yesterday:11
2019-01-18 20:00,-4.7,11,yesterday:11
2019-01-19 00:00,-10.2,11,yesterday:11
2019-01-19 04:00,-12.53,3,yesterday:11
2019-01-19 08:00,-13.35,11,yesterday:11
2019-01-19 12:00,-13.95,11,yesterday:11
2019-01-19 16:00,-14.6,11,yesterday:11
2019-01-19 20:00,-15.65,11,yesterday:11
2019-01-20 00:00,-16.98,12,yesterday:12
2019-01-20 04:00,-17.25,12,yesterday:12
2019-01-20 08:00,-16.48,12,yesterday:12
2019-01-20 12:00,-14.82,12,yesterday:12
2019-01-20 16:00,-16.3,12,yesterday:12
2019-01-20 20:00,-20.5,0,yesterday:12
2019-01-21 00:00,-21.52,0,yesterday:1
2019-01-21 04:00,-21.1,0,yesterday:1
2019-01-21 08:00,-19.02,1,yesterday:1
2019-01-21 12:00,-13.08,1,yesterday:1
2019-01-21 16:00,-12.55,1,yesterday:1
2019-01-21 20:00,-14.55,0,yesterday:1
2019-01-22 00:00,-16.12,0,yesterday:11
2019-01-22 04:00,-17.55,2,yesterday:11
2019-01-22 08:00,-13.05,11,yesterday:11
2019-01-22 12:00,-7.68,3,yesterday:11
2019-01-22 16:00,-4.8,2,yesterday:11
2019-01-22 20:00,-2.5,3,yesterday:11
2019-01-23 00:00,-1.08,11,yesterday:15
2019-01-23 04:00,-0.52,11,yesterday:15
2019-01-23 08:00,0.85,15,yesterday:15
2019-01-23 12:00,2.72,8,yesterday:15
2019-01-23 16:00,5.6,8,yesterday:15
2019-01-23 20:00,5.25,8,yesterday:15
2019-01-24 00:00,2.28,11,yesterday:11
2019-01-24 04:00,0.28,11,yesterday:11
2019-01-24 08:00,-1.08,3,yesterday:11
2019-01-24 12:00,-0.75,2,yesterday:11
2019-01-24 16:00,-1.52,10,yesterday:11
2019-01-24 20:00,-2.8,10,yesterday:11
2019-01-25 00:00,-3.47,11,yesterday:11
2019-01-25 04:00,-4.95,11,yesterday:11
2019-01-25 08:00,-6.48,11,yesterday:11
2019-01-25 12:00,-7.32,10,yesterday:11
2019-01-25 16:00,-9.12,2,yesterday:11
2019-01-25 20:00,-10.65,1,yesterday:11
2019-01-26 00:00,-12.12,0,yesterday:11
2019-01-26 04:00,-13.5,1,yesterday:11
2019-01-26 08:00,-12.38,0,yesterday:11
2019-01-26 12:00,-9.2,1,yesterday:11
2019-01-26 16:00,-9.48,2,yesterday:11
2019-01-26 20:00,-8.9,11,yesterday:11
2019-01-27 00:00,-6.52,11,yesterday:12
2019-01-27 04:00,-7.1,11,yesterday:12
2019-01-27 08:00,-8.82,12,yesterday:12
2019-01-27 12:00,-9.68,12,yesterday:12
2019-01-27 16:00,-11.98,12,yesterday:12
2019-01-27 20:00,-14.55,0,yesterday:12
2019-01-28 00:00,-15.92,0,yesterday:14
2019-01-28 04:00,-18.32,1,yesterday:14
2019-01-28 08:00,-17.7,2,yesterday:14
2019-01-28 12:00,-12.9,14,yesterday:14
2019-01-28 16:00,-8.02,13,yesterday:14
2019-01-28 20:00,-8.15,14,yesterday:14
2019-01-29 00:00,-6.65,13,yesterday:13
2019-01-29 04:00,-3.3,12,yesterday:13
2019-01-29 08:00,-6.6,12,yesterday:13
2019-01-29 12:00,-6.95,12,yesterday:13
2019-01-29 16:00,-8.38,12,yesterday:13
2019-01-29 20:00,-13.5,12,yesterday:13
2019-01-30 00:00,-16.02,1,yesterday:12
2019-01-30 04:00,-18.65,0,yesterday:12
2019-01-30 08:00,-18.55,11,yesterday:12
2019-01-30 12:00,-17.23,12,yesterday:12
2019-01-30 16:00,-18.5,12,yesterday:12
2019-01-30 20:00,-21.15,12,yesterday:12
2019-01-31 00:00,-22.48,12,yesterday:12
2019-01-31 04:00,-21.57,12,yesterday:12
2019-01-31 08:00,-19.62,12,yesterday:12
2019-01-31 12:00,-14.95,12,yesterday:12
2019-01-31 16:00,-16.12,12,yesterday:12
2019-01-31 20:00,-17.95,12,yesterday:12
2019-02-01 00:00,-18.75,12,yesterday:None
2019-02-01 04:00,-18.38,2,yesterday:None
2019-02-01 08:00,-15.42,1,yesterday:None
2019-02-01 12:00,-10.8,0,yesterday:None
2019-02-01 16:00,-11.7,1,yesterday:None
2019-02-01 20:00,-15.3,1,yesterday:None
2019-02-02 00:00,-14.73,2,yesterday:11
2019-02-02 04:00,-12.18,3,yesterday:11
2019-02-02 08:00,-8.07,3,yesterday:11
2019-02-02 12:00,-2.12,3,yesterday:11
2019-02-02 16:00,0.55,8,yesterday:11
2019-02-02 20:00,0.0,11,yesterday:11
2019-02-03 00:00,0.1,8,yesterday:8
2019-02-03 04:00,0.65,8,yesterday:8
2019-02-03 08:00,2.72,8,yesterday:8
2019-02-03 12:00,6.9,2,yesterday:8
2019-02-03 16:00,6.85,3,yesterday:8
2019-02-03 20:00,7.0,3,yesterday:8
2019-02-04 00:00,6.82,3,yesterday:8
2019-02-04 04:00,6.52,8,yesterday:8
2019-02-04 08:00,7.12,2,yesterday:8
2019-02-04 12:00,11.2,3,yesterday:8
2019-02-04 16:00,10.28,6,yesterday:8
2019-02-04 20:00,10.18,6,yesterday:8
2019-02-05 00:00,8.75,4,yesterday:4
2019-02-05 04:00,5.3,3,yesterday:4
2019-02-05 08:00,1.32,3,yesterday:4
2019-02-05 12:00,-0.88,2,yesterday:4
2019-02-05 16:00,-4.22,2,yesterday:4
2019-02-05 20:00,-6.48,1,yesterday:4
2019-02-06 00:00,-6.28,2,yesterday:15
2019-02-06 04:00,-4.05,11,yesterday:15
2019-02-06 08:00,-4.2,15,yesterday:15
2019-02-06 12:00,-1.68,15,yesterday:15
2019-02-06 16:00,-1.85,8,yesterday:15
2019-02-06 20:00,-2.2,8,yesterday:15
2019-02-07 00:00,-2.5,3,yesterday:8
2019-02-07 04:00,-3.08,8,yesterday:8
2019-02-07 08:00,-2.3,8,yesterday:8
2019-02-07 12:00,-1.72,8,yesterday:8
2019-02-07 16:00,-0.98,8,yesterday:8
2019-02-07 20:00,0.95,8,yesterday:8
2019-02-08 00:00,2.68,8,yesterday:11
2019-02-08 04:00,0.68,11,yesterday:11
2019-02-08 08:00,-3.98,11,yesterday:11
2019-02-08 12:00,-4.62,10,yesterday:11
2019-02-08 16:00,-7.12,10,yesterday:11
2019-02-08 20:00,-9.15,1,yesterday:11
2019-02-09 00:00,-9.62,2,yesterday:11
2019-02-09 04:00,-9.12,1,yesterday:11
2019-02-09 08:00,-6.95,11,yesterday:11
2019-02-09 12:00,-4.9,10,yesterday:11
2019-02-09 16:00,-5.15,10,yesterday:11
2019-02-09 20:00,-7.38,1,yesterday:11
2019-02-10 00:00,-9.1,2,yesterday:11
2019-02-10 04:00,-9.2,2,yesterday:11
2019-02-10 08:00,-7.1,2,yesterday:11
2019-02-10 12:00,-4.0,3,yesterday:11
2019-02-10 16:00,-3.88,3,yesterday:11
2019-02-10 20:00,-4.8,11,yesterday:11
2019-02-11 00:00,-5.15,11,yesterday:11
2019-02-11 04:00,-5.55,11,yesterday:11
2019-02-11 08:00,-5.15,11,yesterday:11
2019-02-11 12:00,-4.3,11,yesterday:11
2019-02-11 16:00,-4.2,2,yesterday:11
2019-02-11 20:00,-5.32,0,yesterday:11
2019-02-12 00:00,-6.57,0,yesterday:15
2019-02-12 04:00,-6.85,2,yesterday:15
2019-02-12 08:00,-5.88,13,yesterday:15
2019-02-12 12:00,-2.88,15,yesterday:15
2019-02-12 16:00,-0.85,8,yesterday:15
2019-02-12 20:00,-0.15,11,yesterday:15
2019-02-13 00:00,0.18,11,yesterday:12
2019-02-13 04:00,-1.75,11,yesterday:12
2019-02-13 08:00,-3.05,12,yesterday:12
2019-02-13 12:00,-4.0,12,yesterday:12
2019-02-13 16:00,-4.35,12,yesterday:12
2019-02-13 20:00,-4.6,11,yesterday:12
2019-02-14 00:00,-4.7,11,yesterday:11
2019-02-14 04:00,-3.53,11,yesterday:11
2019-02-14 08:00,-3.28,2,yesterday:11
2019-02-14 12:00,-1.32,11,yesterday:11
2019-02-14 16:00,-0.15,3,yesterday:11
2019-02-14 20:00,0.95,3,yesterday:11
2019-02-15 00:00,2.1,11,yesterday:11
2019-02-15 04:00,2.38,6,yesterday:11
2019-02-15 08:00,2.28,6,yesterday:11
2019-02-15 12:00,-0.55,10,yesterday:11
2019-02-15 16:00,-3.28,2,yesterday:11
2019-02-15 20:00,-4.28,2,yesterday:11
2019-02-16 00:00,-3.48,11,yesterday:11
2019-02-16 04:00,-5.75,1,yesterday:11
2019-02-16 08:00,-6.28,11,yesterday:11
2019-02-16 12:00,-3.97,1,yesterday:11
2019-02-16 16:00,-4.47,1,yesterday:11
2019-02-16 20:00,-6.45,11,yesterday:11
2019-02-17 00:00,-8.32,11,yesterday:11
2019-02-17 04:00,-10.45,2,yesterday:11
2019-02-17 08:00,-8.9,3,yesterday:11
2019-02-17 12:00,-6.43,11,yesterday:11
2019-02-17 16:00,-6.75,11,yesterday:11
2019-02-17 20:00,-6.95,11,yesterday:11
2019-02-18 00:00,-8.4,11,yesterday:12
2019-02-18 04:00,-9.52,12,yesterday:12
2019-02-18 08:00,-8.85,12,yesterday:12
2019-02-18 12:00,-6.38,1,yesterday:12
2019-02-18 16:00,-7.78,1,yesterday:12
2019-02-18 20:00,-11.35,0,yesterday:12
2019-02-19 00:00,-14.0,0,yesterday:11
2019-02-19 04:00,-12.68,11,yesterday:11
2019-02-19 08:00,-8.22,10,yesterday:11
2019-02-19 12:00,-4.65,10,yesterday:11
2019-02-19 16:00,-5.6,2,yesterday:11
2019-02-19 20:00,-8.17,1,yesterday:11
2019-02-20 00:00,-9.82,2,yesterday:11
2019-02-20 04:00,-10.02,3,yesterday:11
2019-02-20 08:00,-4.47,3,yesterday:11
2019-02-20 12:00,-1.02,11,yesterday:11
2019-02-20 16:00,-1.2,11,yesterday:11
2019-02-20 20:00,-0.18,11,yesterday:11
2019-02-21 00:00,0.4,11,yesterday:11
2019-02-21 04:00,2.18,2,yesterday:11
2019-02-21 08:00,2.3,3,yesterday:11
2019-02-21 12:00,2.48,2,yesterday:11
2019-02-21 16:00,1.15,2,yesterday:11
2019-02-21 20:00,-1.45,2,yesterday:11
2019-02-22 00:00,-3.48,2,yesterday:2
2019-02-22 04:00,-3.1,2,yesterday:2
2019-02-22 08:00,-0.62,2,yesterday:2
2019-02-22 12:00,1.22,2,yesterday:2
2019-02-22 16:00,1.18,2,yesterday:2
2019-02-22 20:00,-0.75,0,yesterday:2
2019-02-23 00:00,-3.62,0,yesterday:3
2019-02-23 04:00,-4.35,2,yesterday:3
2019-02-23 08:00,-0.77,3,yesterday:3
2019-02-23 12:00,1.6,2,yesterday:3
2019-02-23 16:00,0.62,2,yesterday:3
2019-02-23 20:00,1.25,3,yesterday:3
2019-02-24 00:00,1.7,8,yesterday:10
2019-02-24 04:00,2.35,8,yesterday:10
2019-02-24 08:00,3.9,8,yesterday:10
2019-02-24 12:00,4.55,6,yesterday:10
2019-02-24 16:00,1.72,10,yesterday:10
2019-02-24 20:00,-1.18,10,yesterday:10
2019-02-25 00:00,-3.23,10,yesterday:12
2019-02-25 04:00,-5.03,12,yesterday:12
2019-02-25 08:00,-5.05,10,yesterday:12
2019-02-25 12:00,-5.32,12,yesterday:12
2019-02-25 16:00,-6.2,10,yesterday:12
2019-02-25 20:00,-7.65,10,yesterday:12
2019-02-26 00:00,-8.25,2,yesterday:10
2019-02-26 04:00,-9.8,2,yesterday:10
2019-02-26 08:00,-8.62,1,yesterday:10
2019-02-26 12:00,-7.12,10,yesterday:10
2019-02-26 16:00,-9.15,2,yesterday:10
2019-02-26 20:00,-10.05,2,yesterday:10
2019-02-27 00:00,-10.72,3,yesterday:14
2019-02-27 04:00,-11.2,11,yesterday:14
2019-02-27 08:00,-10.4,14,yesterday:14
2019-02-27 12:00,-8.8,13,yesterday:14
2019-02-27 16:00,-10.9,11,yesterday:14
2019-02-27 20:00,-12.4,12,yesterday:14
2019-02-28 00:00,-13.9,12,yesterday:12
2019-02-28 04:00,-15.75,0,yesterday:12
2019-02-28 08:00,-13.02,0,yesterday:12
2019-02-28 12:00,-7.52,1,yesterday:12
2019-02-28 16:00,-7.52,2,yesterday:12
2019-02-28 20:00,-7.45,2,yesterday:12
2019-03-01 00:00,-8.9,2.0,yesterday:None
2019-03-01 04:00,-12.15,2.0,yesterday:None
2019-03-01 08:00,-6.95,1.0,yesterday:None
2019-03-01 12:00,-1.75,2.0,yesterday:None
2019-03-01 16:00,-2.45,2.0,yesterday:None
2019-03-01 20:00,-3.97,2.0,yesterday:None
2019-03-02 00:00,-4.85,2.0,yesterday:13
2019-03-02 04:00,-4.12,3.0,yesterday:13
2019-03-02 08:00,-3.58,11.0,yesterday:13
2019-03-02 12:00,-2.8,13.0,yesterday:13
2019-03-02 16:00,-1.35,11.0,yesterday:13
2019-03-02 20:00,-2.65,10.0,yesterday:13
2019-03-03 00:00,-4.1,2.0,yesterday:11
2019-03-03 04:00,-4.5,2.0,yesterday:11
2019-03-03 08:00,-5.08,11.0,yesterday:11
2019-03-03 12:00,-2.62,3.0,yesterday:11
2019-03-03 16:00,-3.35,11.0,yesterday:11
2019-03-03 20:00,-6.12,11.0,yesterday:11
2019-03-04 00:00,-9.6,12.0,yesterday:12
2019-03-04 04:00,-12.52,1.0,yesterday:12
2019-03-04 08:00,-10.7,2.0,yesterday:12
2019-03-04 12:00,-8.93,12.0,yesterday:12
2019-03-04 16:00,-10.42,12.0,yesterday:12
2019-03-04 20:00,-12.22,1.0,yesterday:12
2019-03-05 00:00,-13.85,12.0,yesterday:12
2019-03-05 04:00,-14.25,2.0,yesterday:12
2019-03-05 08:00,-11.38,12.0,yesterday:12
2019-03-05 12:00,-9.43,12.0,yesterday:12
2019-03-05 16:00,-10.25,12.0,yesterday:12
2019-03-05 20:00,-12.52,1.0,yesterday:12
2019-03-06 00:00,-13.38,1.0,yesterday:2
2019-03-06 04:00,-13.72,1.0,yesterday:2
2019-03-06 08:00,-11.65,0.0,yesterday:2
2019-03-06 12:00,-9.68,2.0,yesterday:2
2019-03-06 16:00,-11.1,2.0,yesterday:2
2019-03-06 20:00,-12.02,2.0,yesterday:2
2019-03-07 00:00,-11.52,11.0,yesterday:11
2019-03-07 04:00,-12.4,2.0,yesterday:11
2019-03-07 08:00,-9.77,2.0,yesterday:11
2019-03-07 12:00,-6.55,2.0,yesterday:11
2019-03-07 16:00,-7.6,1.0,yesterday:11
2019-03-07 20:00,-11.05,1.0,yesterday:11
2019-03-08 00:00,-13.0,1.0,yesterday:2
2019-03-08 04:00,-13.55,2.0,yesterday:2
2019-03-08 08:00,-8.2,1.0,yesterday:2
2019-03-08 12:00,-2.82,1.0,yesterday:2
2019-03-08 16:00,-1.9,0.0,yesterday:2
2019-03-08 20:00,-4.65,0.0,yesterday:2
2019-03-09 00:00,-7.55,0.0,yesterday:3
2019-03-09 04:00,-9.85,1.0,yesterday:3
2019-03-09 08:00,-4.12,1.0,yesterday:3
2019-03-09 12:00,-0.2,1.0,yesterday:3
2019-03-09 16:00,-0.75,3.0,yesterday:3
2019-03-09 20:00,-0.0,3.0,yesterday:3
2019-03-10 00:00,0.75,8.0,yesterday:8
2019-03-10 04:00,2.9,8.0,yesterday:8
2019-03-10 08:00,4.73,6.0,yesterday:8
2019-03-10 12:00,3.15,8.0,yesterday:8
2019-03-10 16:00,2.2,8.0,yesterday:8
2019-03-10 20:00,2.22,8.0,yesterday:8
2019-03-11 00:00,1.95,6.0,yesterday:11
2019-03-11 04:00,1.2,2.0,yesterday:11
2019-03-11 08:00,0.95,3.0,yesterday:11
2019-03-11 12:00,0.85,10.0,yesterday:11
2019-03-11 16:00,-0.7,10.0,yesterday:11
2019-03-11 20:00,-1.88,11.0,yesterday:11
2019-03-12 00:00,-1.92,11.0,yesterday:11
2019-03-12 04:00,-2.58,3.0,yesterday:11
2019-03-12 08:00,-0.92,1.0,yesterday:11
2019-03-12 12:00,2.1,0.0,yesterday:11
2019-03-12 16:00,1.62,0.0,yesterday:11
2019-03-12 20:00,-0.48,0.0,yesterday:11
2019-03-13 00:00,-2.22,0.0,yesterday:3
2019-03-13 04:00,-1.82,2.0,yesterday:3
2019-03-13 08:00,0.5,2.0,yesterday:3
2019-03-13 12:00,2.08,,yesterday:3
2019-03-13 16:00,2.85,3.0,yesterday:3
2019-03-13 20:00,2.0,3.0,yesterday:3
2019-03-14 00:00,2.03,2.0,yesterday:3
2019-03-14 04:00,2.25,2.0,yesterday:3
2019-03-14 08:00,5.25,2.0,yesterday:3
2019-03-14 12:00,6.78,,yesterday:3
2019-03-14 16:00,6.48,3.0,yesterday:3
2019-03-14 20:00,6.98,1.0,yesterday:3
2019-03-15 00:00,8.23,0.0,yesterday:11
2019-03-15 04:00,6.52,2.0,yesterday:11
2019-03-15 08:00,6.32,2.0,yesterday:11
2019-03-15 12:00,5.85,6.0,yesterday:11
2019-03-15 16:00,4.25,6.0,yesterday:11
2019-03-15 20:00,1.98,11.0,yesterday:11
2019-03-16 00:00,-0.52,2.0,yesterday:15
2019-03-16 04:00,-1.55,2.0,yesterday:15
2019-03-16 08:00,-0.57,15.0,yesterday:15
2019-03-16 12:00,0.6,10.0,yesterday:15
2019-03-16 16:00,-0.95,10.0,yesterday:15
2019-03-16 20:00,-2.8,2.0,yesterday:15
2019-03-17 00:00,-4.38,2.0,yesterday:11
2019-03-17 04:00,-5.95,1.0,yesterday:11
2019-03-17 08:00,-2.4,2.0,yesterday:11
2019-03-17 12:00,1.52,2.0,yesterday:11
2019-03-17 16:00,0.38,2.0,yesterday:11
2019-03-17 20:00,-2.5,11.0,yesterday:11
2019-03-18 00:00,-2.85,1.0,yesterday:10
2019-03-18 04:00,-2.58,2.0,yesterday:10
2019-03-18 08:00,1.1,2.0,yesterday:10
2019-03-18 12:00,2.38,10.0,yesterday:10
2019-03-18 16:00,1.6,1.0,yesterday:10
2019-03-18 20:00,-1.5,1.0,yesterday:10
2019-03-19 00:00,-2.22,11.0,yesterday:11
2019-03-19 04:00,-3.48,1.0,yesterday:11
2019-03-19 08:00,1.05,1.0,yesterday:11
2019-03-19 12:00,5.5,2.0,yesterday:11
2019-03-19 16:00,4.7,2.0,yesterday:11
2019-03-19 20:00,1.42,0.0,yesterday:11
2019-03-20 00:00,0.05,0.0,yesterday:6
2019-03-20 04:00,0.4,2.0,yesterday:6
2019-03-20 08:00,4.93,1.0,yesterday:6
2019-03-20 12:00,9.07,2.0,yesterday:6
2019-03-20 16:00,8.07,3.0,yesterday:6
2019-03-20 20:00,4.78,6.0,yesterday:6
2019-03-21 00:00,3.28,8.0,yesterday:8
2019-03-21 04:00,3.0,8.0,yesterday:8
2019-03-21 08:00,3.75,3.0,yesterday:8
2019-03-21 12:00,5.98,3.0,yesterday:8
2019-03-21 16:00,6.7,3.0,yesterday:8
2019-03-21 20:00,4.7,3.0,yesterday:8
2019-03-22 00:00,2.7,4.0,yesterday:11
2019-03-22 04:00,2.3,6.0,yesterday:11
2019-03-22 08:00,2.88,11.0,yesterday:11
2019-03-22 12:00,1.45,2.0,yesterday:11
2019-03-22 16:00,-1.15,2.0,yesterday:11
2019-03-22 20:00,-2.55,1.0,yesterday:11
2019-03-23 00:00,-4.75,0.0,yesterday:0
2019-03-23 04:00,-6.5,0.0,yesterday:0
2019-03-23 08:00,-2.8,0.0,yesterday:0
2019-03-23 12:00,3.38,0.0,yesterday:0
2019-03-23 16:00,3.15,0.0,yesterday:0
2019-03-23 20:00,-0.38,0.0,yesterday:0
2019-03-24 00:00,-0.4,0.0,yesterday:3
2019-03-24 04:00,-0.1,2.0,yesterday:3
2019-03-24 08:00,5.03,3.0,yesterday:3
2019-03-24 12:00,7.65,2.0,yesterday:3
2019-03-24 16:00,7.15,2.0,yesterday:3
2019-03-24 20:00,0.75,2.0,yesterday:3
2019-03-25 00:00,-1.52,3.0,yesterday:3
2019-03-25 04:00,-4.22,1.0,yesterday:3
2019-03-25 08:00,-1.32,0.0,yesterday:3
2019-03-25 12:00,2.82,0.0,yesterday:3
2019-03-25 16:00,1.58,0.0,yesterday:3
2019-03-25 20:00,-1.88,0.0,yesterday:3
2019-03-26 00:00,-3.3,0.0,yesterday:0
2019-03-26 04:00,-3.75,0.0,yesterday:0
2019-03-26 08:00,-0.35,0.0,yesterday:0
2019-03-26 12:00,2.95,0.0,yesterday:0
2019-03-26 16:00,2.33,0.0,yesterday:0
2019-03-26 20:00,-0.45,0.0,yesterday:0
2019-03-27 00:00,-1.95,0.0,yesterday:2
2019-03-27 04:00,-2.28,2.0,yesterday:2
2019-03-27 08:00,3.22,0.0,yesterday:2
2019-03-27 12:00,6.9,0.0,yesterday:2
2019-03-27 16:00,4.3,2.0,yesterday:2
2019-03-27 20:00,1.42,1.0,yesterday:2
2019-03-28 00:00,0.3,0.0,yesterday:6
2019-03-28 04:00,1.9,6.0,yesterday:6
2019-03-28 08:00,5.35,6.0,yesterday:6
2019-03-28 12:00,10.22,2.0,yesterday:6
2019-03-28 16:00,10.78,2.0,yesterday:6
2019-03-28 20:00,8.57,2.0,yesterday:6
2019-03-29 00:00,4.8,3.0,yesterday:3
2019-03-29 04:00,4.02,3.0,yesterday:3
2019-03-29 08:00,7.2,1.0,yesterday:3
2019-03-29 12:00,10.82,1.0,yesterday:3
2019-03-29 16:00,9.7,1.0,yesterday:3
2019-03-29 20:00,4.2,2.0,yesterday:3
2019-03-30 00:00,3.53,6.0,yesterday:11
2019-03-30 04:00,1.95,8.0,yesterday:11
2019-03-30 08:00,2.98,8.0,yesterday:11
2019-03-30 12:00,3.75,8.0,yesterday:11
2019-03-30 16:00,2.68,8.0,yesterday:11
2019-03-30 20:00,0.95,11.0,yesterday:11
2019-03-31 00:00,0.03,11.0,yesterday:11
2019-03-31 04:00,-0.25,11.0,yesterday:11
2019-03-31 08:00,0.68,11.0,yesterday:11
2019-03-31 12:00,1.12,11.0,yesterday:11
2019-03-31 16:00,-1.15,11.0,yesterday:11
2019-03-31 20:00,-3.38,2.0,yesterday:11
2019-04-01 00:00,-4.05,1.0,yesterday:None
2019-04-01 04:00,-4.95,0.0,yesterday:None
2019-04-01 08:00,-0.75,1.0,yesterday:None
2019-04-01 12:00,1.72,2.0,yesterday:None
2019-04-01 16:00,1.82,2.0,yesterday:None
2019-04-01 20:00,0.33,2.0,yesterday:None
2019-04-02 00:00,0.1,3.0,yesterday:3
2019-04-02 04:00,0.62,3.0,yesterday:3
2019-04-02 08:00,4.72,3.0,yesterday:3
2019-04-02 12:00,8.52,3.0,yesterday:3
2019-04-02 16:00,7.42,3.0,yesterday:3
2019-04-02 20:00,4.97,2.0,yesterday:3
2019-04-03 00:00,4.68,2.0,yesterday:6
2019-04-03 04:00,3.9,2.0,yesterday:6
2019-04-03 08:00,4.55,6.0,yesterday:6
2019-04-03 12:00,5.93,2.0,yesterday:6
2019-04-03 16:00,5.07,2.0,yesterday:6
2019-04-03 20:00,1.62,1.0,yesterday:6
2019-04-04 00:00,0.3,2.0,yesterday:2
2019-04-04 04:00,-1.38,2.0,yesterday:2
2019-04-04 08:00,0.55,2.0,yesterday:2
2019-04-04 12:00,4.03,2.0,yesterday:2
2019-04-04 16:00,3.92,2.0,yesterday:2
2019-04-04 20:00,1.32,2.0,yesterday:2
2019-04-05 00:00,0.2,2.0,yesterday:8
2019-04-05 04:00,0.92,3.0,yesterday:8
2019-04-05 08:00,2.17,6.0,yesterday:8
2019-04-05 12:00,2.43,4.0,yesterday:8
2019-04-05 16:00,2.08,8.0,yesterday:8
2019-04-05 20:00,2.88,8.0,yesterday:8
2019-04-06 00:00,4.03,8.0,yesterday:8
2019-04-06 04:00,4.22,8.0,yesterday:8
2019-04-06 08:00,7.82,2.0,yesterday:8
2019-04-06 12:00,12.22,2.0,yesterday:8
2019-04-06 16:00,12.55,3.0,yesterday:8
2019-04-06 20:00,8.85,3.0,yesterday:8
2019-04-07 00:00,7.35,3.0,yesterday:6
2019-04-07 04:00,6.85,2.0,yesterday:6
2019-04-07 08:00,9.73,3.0,yesterday:6
2019-04-07 12:00,12.0,3.0,yesterday:6
2019-04-07 16:00,11.22,3.0,yesterday:6
2019-04-07 20:00,9.43,6.0,yesterday:6
2019-04-08 00:00,7.02,6.0,yesterday:8
2019-04-08 04:00,5.82,8.0,yesterday:8
2019-04-08 08:00,11.0,8.0,yesterday:8
2019-04-08 12:00,13.7,2.0,yesterday:8
2019-04-08 16:00,11.98,2.0,yesterday:8
2019-04-08 20:00,8.25,0.0,yesterday:8
2019-04-09 00:00,6.07,2.0,yesterday:6
2019-04-09 04:00,5.95,6.0,yesterday:6
2019-04-09 08:00,8.3,2.0,yesterday:6
2019-04-09 12:00,8.07,2.0,yesterday:6
2019-04-09 16:00,7.68,3.0,yesterday:6
2019-04-09 20:00,5.5,2.0,yesterday:6
2019-04-10 00:00,2.58,2.0,yesterday:3
2019-04-10 04:00,0.85,3.0,yesterday:3
2019-04-10 08:00,1.85,2.0,yesterday:3
2019-04-10 12:00,5.48,2.0,yesterday:3
2019-04-10 16:00,5.42,3.0,yesterday:3
2019-04-10 20:00,1.37,3.0,yesterday:3
2019-04-11 00:00,0.38,2.0,yesterday:15
2019-04-11 04:00,-0.48,2.0,yesterday:15
2019-04-11 08:00,0.32,11.0,yesterday:15
2019-04-11 12:00,0.2,15.0,yesterday:15
2019-04-11 16:00,1.6,3.0,yesterday:15
2019-04-11 20:00,2.85,3.0,yesterday:15
2019-04-12 00:00,4.05,3.0,yesterday:6
2019-04-12 04:00,4.78,3.0,yesterday:6
2019-04-12 08:00,10.72,2.0,yesterday:6
2019-04-12 12:00,11.5,6.0,yesterday:6
2019-04-12 16:00,11.62,2.0,yesterday:6
2019-04-12 20:00,13.32,2.0,yesterday:6
2019-04-13 00:00,8.27,2.0,yesterday:2
2019-04-13 04:00,5.72,2.0,yesterday:2
2019-04-13 08:00,11.2,0.0,yesterday:2
2019-04-13 12:00,15.08,1.0,yesterday:2
2019-04-13 16:00,12.52,2.0,yesterday:2
2019-04-13 20:00,6.45,0.0,yesterday:2
2019-04-14 00:00,2.78,3.0,yesterday:8
2019-04-14 04:00,2.52,3.0,yesterday:8
2019-04-14 08:00,2.62,6.0,yesterday:8
2019-04-14 12:00,2.48,8.0,yesterday:8
2019-04-14 16:00,3.65,6.0,yesterday:8
2019-04-14 20:00,3.15,6.0,yesterday:8
2019-04-15 00:00,2.5,8.0,yesterday:11
2019-04-15 04:00,2.05,8.0,yesterday:11
2019-04-15 08:00,2.02,11.0,yesterday:11
2019-04-15 12:00,5.92,2.0,yesterday:11
2019-04-15 16:00,7.02,0.0,yesterday:11
2019-04-15 20:00,2.8,0.0,yesterday:11
2019-04-16 00:00,0.95,0.0,yesterday:6
2019-04-16 04:00,0.25,2.0,yesterday:6
2019-04-16 08:00,5.88,2.0,yesterday:6
2019-04-16 12:00,6.95,6.0,yesterday:6
2019-04-16 16:00,5.45,6.0,yesterday:6
2019-04-16 20:00,5.18,2.0,yesterday:6
2019-04-17 00:00,2.15,0.0,yesterday:3
2019-04-17 04:00,1.58,1.0,yesterday:3
2019-04-17 08:00,8.3,2.0,yesterday:3
2019-04-17 12:00,13.1,2.0,yesterday:3
2019-04-17 16:00,11.62,2.0,yesterday:3
2019-04-17 20:00,9.6,3.0,yesterday:3
2019-04-18 00:00,6.95,3.0,yesterday:6
2019-04-18 04:00,7.1,3.0,yesterday:6
2019-04-18 08:00,13.72,3.0,yesterday:6
2019-04-18 12:00,19.52,3.0,yesterday:6
2019-04-18 16:00,20.88,3.0,yesterday:6
2019-04-18 20:00,16.5,6.0,yesterday:6
2019-04-19 00:00,13.0,6.0,yesterday:8
2019-04-19 04:00,9.32,6.0,yesterday:8
2019-04-19 08:00,7.72,8.0,yesterday:8
2019-04-19 12:00,6.82,8.0,yesterday:8
2019-04-19 16:00,6.15,6.0,yesterday:8
2019-04-19 20:00,4.9,6.0,yesterday:8
2019-04-20 00:00,4.82,8.0,yesterday:8
2019-04-20 04:00,4.8,8.0,yesterday:8
2019-04-20 08:00,5.8,8.0,yesterday:8
2019-04-20 12:00,6.9,8.0,yesterday:8
2019-04-20 16:00,8.07,6.0,yesterday:8
2019-04-20 20:00,7.38,4.0,yesterday:8
2019-04-21 00:00,6.65,2.0,yesterday:3
2019-04-21 04:00,6.42,3.0,yesterday:3
2019-04-21 08:00,8.85,3.0,yesterday:3
2019-04-21 12:00,11.48,2.0,yesterday:3
2019-04-21 16:00,11.2,2.0,yesterday:3
2019-04-21 20:00,9.25,2.0,yesterday:3
2019-04-22 00:00,6.8,1.0,yesterday:8
2019-04-22 04:00,7.05,2.0,yesterday:8
2019-04-22 08:00,11.08,8.0,yesterday:8
2019-04-22 12:00,14.5,2.0,yesterday:8
2019-04-22 16:00,14.78,1.0,yesterday:8
2019-04-22 20:00,10.28,1.0,yesterday:8
2019-04-23 00:00,8.9,1.0,yesterday:6
2019-04-23 04:00,9.25,2.0,yesterday:6
2019-04-23 08:00,12.08,6.0,yesterday:6
2019-04-23 12:00,11.5,6.0,yesterday:6
2019-04-23 16:00,9.75,3.0,yesterday:6
2019-04-23 20:00,6.4,3.0,yesterday:6
2019-04-24 00:00,5.55,2.0,yesterday:3
2019-04-24 04:00,4.1,3.0,yesterday:3
2019-04-24 08:00,6.2,2.0,yesterday:3
2019-04-24 12:00,11.35,2.0,yesterday:3
2019-04-24 16:00,11.8,2.0,yesterday:3
2019-04-24 20:00,7.43,1.0,yesterday:3
2019-04-25 00:00,5.38,0.0,yesterday:2
2019-04-25 04:00,3.55,2.0,yesterday:2
2019-04-25 08:00,8.82,2.0,yesterday:2
2019-04-25 12:00,11.8,2.0,yesterday:2
2019-04-25 16:00,10.5,2.0,yesterday:2
2019-04-25 20:00,9.22,,yesterday:2
2019-04-26 00:00,8.77,6.0,yesterday:8
2019-04-26 04:00,8.52,8.0,yesterday:8
2019-04-26 08:00,11.25,8.0,yesterday:8
2019-04-26 12:00,10.2,8.0,yesterday:8
2019-04-26 16:00,9.02,6.0,yesterday:8
2019-04-26 20:00,6.12,2.0,yesterday:8
2019-04-27 00:00,2.97,2.0,yesterday:3
2019-04-27 04:00,1.32,3.0,yesterday:3
2019-04-27 08:00,2.3,3.0,yesterday:3
2019-04-27 12:00,6.25,2.0,yesterday:3
2019-04-27 16:00,6.4,2.0,yesterday:3
2019-04-27 20:00,4.43,1.0,yesterday:3
2019-04-28 00:00,3.42,3.0,yesterday:3
2019-04-28 04:00,2.68,3.0,yesterday:3
2019-04-28 08:00,6.0,1.0,yesterday:3
2019-04-28 12:00,9.57,1.0,yesterday:3
2019-04-28 16:00,7.98,0.0,yesterday:3
2019-04-28 20:00,3.75,0.0,yesterday:3
2019-04-29 00:00,1.38,0.0,yesterday:15
2019-04-29 04:00,1.2,2.0,yesterday:15
2019-04-29 08:00,5.65,3.0,yesterday:15
2019-04-29 12:00,6.57,3.0,yesterday:15
2019-04-29 16:00,3.6,15.0,yesterday:15
2019-04-29 20:00,3.18,6.0,yesterday:15
2019-04-30 00:00,3.38,3.0,yesterday:6
2019-04-30 04:00,3.6,3.0,yesterday:6
2019-04-30 08:00,5.58,3.0,yesterday:6
2019-04-30 12:00,7.9,3.0,yesterday:6
2019-04-30 16:00,8.65,3.0,yesterday:6
2019-04-30 20:00,7.95,6.0,yesterday:6
2019-05-01 00:00,6.4,6,yesterday:None
2019-05-01 04:00,5.08,8,yesterday:None
2019-05-01 08:00,5.95,6,yesterday:None
2019-05-01 12:00,7.35,3,yesterday:None
2019-05-01 16:00,8.0,8,yesterday:None
2019-05-01 20:00,6.6,8,yesterday:None
2019-05-02 00:00,6.92,8,yesterday:8
2019-05-02 04:00,6.68,8,yesterday:8
2019-05-02 08:00,5.1,8,yesterday:8
2019-05-02 12:00,6.78,8,yesterday:8
2019-05-02 16:00,8.35,2,yesterday:8
2019-05-02 20:00,6.4,6,yesterday:8
2019-05-03 00:00,5.78,8,yesterday:8
2019-05-03 04:00,6.1,8,yesterday:8
2019-05-03 08:00,7.9,8,yesterday:8
2019-05-03 12:00,10.88,3,yesterday:8
2019-05-03 16:00,10.8,3,yesterday:8
2019-05-03 20:00,8.12,4,yesterday:8
2019-05-04 00:00,7.35,8,yesterday:8
2019-05-04 04:00,6.85,8,yesterday:8
2019-05-04 08:00,8.15,8,yesterday:8
2019-05-04 12:00,10.1,3,yesterday:8
2019-05-04 16:00,11.18,2,yesterday:8
2019-05-04 20:00,8.98,2,yesterday:8
2019-05-05 00:00,7.02,0,yesterday:8
2019-05-05 04:00,6.12,8,yesterday:8
2019-05-05 08:00,13.0,1,yesterday:8
2019-05-05 12:00,15.72,1,yesterday:8
2019-05-05 16:00,15.08,1,yesterday:8
2019-05-05 20:00,12.32,0,yesterday:8
2019-05-06 00:00,9.6,0,yesterday:2
2019-05-06 04:00,9.52,0,yesterday:2
2019-05-06 08:00,19.02,0,yesterday:2
2019-05-06 12:00,21.7,2,yesterday:2
2019-05-06 16:00,19.42,2,yesterday:2
2019-05-06 20:00,13.65,1,yesterday:2
2019-05-07 00:00,9.5,2,yesterday:6
2019-05-07 04:00,8.43,3,yesterday:6
2019-05-07 08:00,9.25,6,yesterday:6
2019-05-07 12:00,12.8,2,yesterday:6
2019-05-07 16:00,12.6,2,yesterday:6
2019-05-07 20:00,7.72,1,yesterday:6
2019-05-08 00:00,4.53,1,yesterday:3
2019-05-08 04:00,4.72,1,yesterday:3
2019-05-08 08:00,9.7,2,yesterday:3
2019-05-08 12:00,10.15,2,yesterday:3
2019-05-08 16:00,10.25,2,yesterday:3
2019-05-08 20:00,9.12,3,yesterday:3
2019-05-09 00:00,9.55,3,yesterday:6
2019-05-09 04:00,8.55,2,yesterday:6
2019-05-09 08:00,9.9,3,yesterday:6
2019-05-09 12:00,13.9,2,yesterday:6
2019-05-09 16:00,13.08,2,yesterday:6
2019-05-09 20:00,14.35,6,yesterday:6
2019-05-10 00:00,15.4,8,yesterday:8
2019-05-10 04:00,15.68,8,yesterday:8
2019-05-10 08:00,13.8,2,yesterday:8
2019-05-10 12:00,11.3,3,yesterday:8
2019-05-10 16:00,8.73,3,yesterday:8
2019-05-10 20:00,6.55,0,yesterday:8
2019-05-11 00:00,3.22,0,yesterday:3
2019-05-11 04:00,3.32,1,yesterday:3
2019-05-11 08:00,9.18,2,yesterday:3
2019-05-11 12:00,11.08,2,yesterday:3
2019-05-11 16:00,10.52,3,yesterday:3
2019-05-11 20:00,9.82,3,yesterday:3
2019-05-12 00:00,9.35,6,yesterday:8
2019-05-12 04:00,8.72,3,yesterday:8
2019-05-12 08:00,8.52,3,yesterday:8
2019-05-12 12:00,7.35,8,yesterday:8
2019-05-12 16:00,5.92,8,yesterday:8
2019-05-12 20:00,5.18,8,yesterday:8
2019-05-13 00:00,4.68,8,yesterday:8
2019-05-13 04:00,4.8,8,yesterday:8
2019-05-13 08:00,5.55,8,yesterday:8
2019-05-13 12:00,6.62,8,yesterday:8
2019-05-13 16:00,,8,yesterday:8
2019-05-13 20:00,7.35,8,yesterday:8
2019-05-14 00:00,6.93,6,yesterday:6
2019-05-14 04:00,6.6,3,yesterday:6
2019-05-14 08:00,8.68,2,yesterday:6
2019-05-14 12:00,12.27,3,yesterday:6
2019-05-14 16:00,14.95,2,yesterday:6
2019-05-14 20:00,10.55,0,yesterday:6
2019-05-15 00:00,7.2,0,yesterday:6
2019-05-15 04:00,8.93,2,yesterday:6
2019-05-15 08:00,17.82,2,yesterday:6
2019-05-15 12:00,17.08,6,yesterday:6
2019-05-15 16:00,17.05,1,yesterday:6
2019-05-15 20:00,13.1,2,yesterday:6
2019-05-16 00:00,10.0,0,yesterday:6
2019-05-16 04:00,8.45,2,yesterday:6
2019-05-16 08:00,12.25,2,yesterday:6
2019-05-16 12:00,13.6,3,yesterday:6
2019-05-16 16:00,13.2,6,yesterday:6
2019-05-16 20:00,11.32,2,yesterday:6
2019-05-17 00:00,11.08,1,yesterday:2
2019-05-17 04:00,12.2,2,yesterday:2
2019-05-17 08:00,14.3,1,yesterday:2
2019-05-17 12:00,17.12,1,yesterday:2
2019-05-17 16:00,16.35,2,yesterday:2
2019-05-17 20:00,11.45,2,yesterday:2
2019-05-18 00:00,8.52,0,yesterday:3
2019-05-18 04:00,7.5,2,yesterday:3
2019-05-18 08:00,11.85,2,yesterday:3
2019-05-18 12:00,13.27,3,yesterday:3
2019-05-18 16:00,14.25,3,yesterday:3
2019-05-18 20:00,11.4,2,yesterday:3
2019-05-19 00:00,10.88,2,yesterday:2
2019-05-19 04:00,10.7,1,yesterday:2
2019-05-19 08:00,15.78,2,yesterday:2
2019-05-19 12:00,18.53,2,yesterday:2
2019-05-19 16:00,19.52,2,yesterday:2
2019-05-19 20:00,16.22,1,yesterday:2
2019-05-20 00:00,15.4,2,yesterday:3
2019-05-20 04:00,15.68,2,yesterday:3
2019-05-20 08:00,16.4,2,yesterday:3
2019-05-20 12:00,13.65,2,yesterday:3
2019-05-20 16:00,10.98,3,yesterday:3
2019-05-20 20:00,8.48,1,yesterday:3
2019-05-21 00:00,5.68,0,yesterday:2
2019-05-21 04:00,7.35,1,yesterday:2
2019-05-21 08:00,13.48,1,yesterday:2
2019-05-21 12:00,17.2,0,yesterday:2
2019-05-21 16:00,16.88,2,yesterday:2
2019-05-21 20:00,13.08,1,yesterday:2
2019-05-22 00:00,9.98,1,yesterday:6
2019-05-22 04:00,9.88,2,yesterday:6
2019-05-22 08:00,14.0,3,yesterday:6
2019-05-22 12:00,13.95,6,yesterday:6
2019-05-22 16:00,13.38,3,yesterday:6
2019-05-22 20:00,11.65,1,yesterday:6
2019-05-23 00:00,9.05,1,yesterday:3
2019-05-23 04:00,10.35,3,yesterday:3
2019-05-23 08:00,10.92,3,yesterday:3
2019-05-23 12:00,19.18,1,yesterday:3
2019-05-23 16:00,23.08,1,yesterday:3
2019-05-23 20:00,15.92,1,yesterday:3
2019-05-24 00:00,13.2,0,yesterday:2
2019-05-24 04:00,12.73,1,yesterday:2
2019-05-24 08:00,16.23,2,yesterday:2
2019-05-24 12:00,19.15,2,yesterday:2
2019-05-24 16:00,19.28,2,yesterday:2
2019-05-24 20:00,15.8,2,yesterday:2
2019-05-25 00:00,12.3,1,yesterday:8
2019-05-25 04:00,11.3,8,yesterday:8
2019-05-25 08:00,12.08,8,yesterday:8
2019-05-25 12:00,17.35,8,yesterday:8
2019-05-25 16:00,18.32,8,yesterday:8
2019-05-25 20:00,18.3,0,yesterday:8
2019-05-26 00:00,18.48,0,yesterday:2
2019-05-26 04:00,17.7,2,yesterday:2
2019-05-26 08:00,21.02,2,yesterday:2
2019-05-26 12:00,22.0,2,yesterday:2
2019-05-26 16:00,20.2,2,yesterday:2
2019-05-26 20:00,15.55,0,yesterday:2
2019-05-27 00:00,12.1,0,yesterday:3
2019-05-27 04:00,13.38,0,yesterday:3
2019-05-27 08:00,19.1,2,yesterday:3
2019-05-27 12:00,21.85,2,yesterday:3
2019-05-27 16:00,19.92,3,yesterday:3
2019-05-27 20:00,15.62,3,yesterday:3
2019-05-28 00:00,12.8,6,yesterday:8
2019-05-28 04:00,10.38,6,yesterday:8
2019-05-28 08:00,9.98,8,yesterday:8
2019-05-28 12:00,11.55,8,yesterday:8
2019-05-28 16:00,12.45,3,yesterday:8
2019-05-28 20:00,11.22,4,yesterday:8
2019-05-29 00:00,10.92,8,yesterday:8
2019-05-29 04:00,11.05,8,yesterday:8
2019-05-29 08:00,11.42,8,yesterday:8
2019-05-29 12:00,14.12,3,yesterday:8
2019-05-29 16:00,13.92,2,yesterday:8
2019-05-29 20:00,12.9,1,yesterday:8
2019-05-30 00:00,12.6,0,yesterday:3
2019-05-30 04:00,12.35,3,yesterday:3
2019-05-30 08:00,16.6,3,yesterday:3
2019-05-30 12:00,20.6,2,yesterday:3
2019-05-30 16:00,20.65,3,yesterday:3
2019-05-30 20:00,17.67,0,yesterday:3
2019-05-31 00:00,12.73,0,yesterday:2
2019-05-31 04:00,10.52,1,yesterday:2
2019-05-31 08:00,15.02,1,yesterday:2
2019-05-31 12:00,16.2,2,yesterday:2
2019-05-31 16:00,16.15,2,yesterday:2
2019-05-31 20:00,12.87,0,yesterday:2
2019-06-01 00:00,12.68,3,yesterday:None
2019-06-01 04:00,12.55,3,yesterday:None
2019-06-01 08:00,17.42,2,yesterday:None
2019-06-01 12:00,17.27,2,yesterday:None
2019-06-01 16:00,17.58,2,yesterday:None
2019-06-01 20:00,16.2,3,yesterday:None
2019-06-02 00:00,15.48,8,yesterday:8
2019-06-02 04:00,13.45,8,yesterday:8
2019-06-02 08:00,15.32,2,yesterday:8
2019-06-02 12:00,18.8,2,yesterday:8
2019-06-02 16:00,16.63,1,yesterday:8
2019-06-02 20:00,10.73,0,yesterday:8
2019-06-03 00:00,7.7,0,yesterday:2
2019-06-03 04:00,7.52,2,yesterday:2
2019-06-03 08:00,10.92,1,yesterday:2
2019-06-03 12:00,15.8,1,yesterday:2
2019-06-03 16:00,15.4,1,yesterday:2
2019-06-03 20:00,10.98,1,yesterday:2
2019-06-04 00:00,7.98,0,yesterday:3
2019-06-04 04:00,9.55,2,yesterday:3
2019-06-04 08:00,13.6,3,yesterday:3
2019-06-04 12:00,15.92,3,yesterday:3
2019-06-04 16:00,15.3,3,yesterday:3
2019-06-04 20:00,12.92,1,yesterday:3
2019-06-05 00:00,12.05,1,yesterday:8
2019-06-05 04:00,13.48,8,yesterday:8
2019-06-05 08:00,16.32,3,yesterday:8
2019-06-05 12:00,15.25,8,yesterday:8
2019-06-05 16:00,14.0,8,yesterday:8
2019-06-05 20:00,13.92,8,yesterday:8
2019-06-06 00:00,14.62,8,yesterday:8
2019-06-06 04:00,14.77,8,yesterday:8
2019-06-06 08:00,18.18,1,yesterday:8
2019-06-06 12:00,21.83,1,yesterday:8
2019-06-06 16:00,21.48,1,yesterday:8
2019-06-06 20:00,17.73,1,yesterday:8
2019-06-07 00:00,14.28,1,yesterday:1
2019-06-07 04:00,14.48,1,yesterday:1
2019-06-07 08:00,21.55,0,yesterday:1
2019-06-07 12:00,24.75,0,yesterday:1
2019-06-07 16:00,24.58,0,yesterday:1
2019-06-07 20:00,18.98,0,yesterday:1
2019-06-08 00:00,15.08,0,yesterday:2
2019-06-08 04:00,16.27,0,yesterday:2
2019-06-08 08:00,21.07,0,yesterday:2
2019-06-08 12:00,22.98,1,yesterday:2
2019-06-08 16:00,22.22,2,yesterday:2
2019-06-08 20:00,18.02,2,yesterday:2
2019-06-09 00:00,15.9,2,yesterday:2
2019-06-09 04:00,15.52,2,yesterday:2
2019-06-09 08:00,21.7,2,yesterday:2
2019-06-09 12:00,25.0,2,yesterday:2
2019-06-09 16:00,24.1,2,yesterday:2
2019-06-09 20:00,19.72,2,yesterday:2
2019-06-10 00:00,18.77,3,yesterday:8
2019-06-10 04:00,16.08,8,yesterday:8
2019-06-10 08:00,15.95,8,yesterday:8
2019-06-10 12:00,17.45,3,yesterday:8
2019-06-10 16:00,15.98,8,yesterday:8
2019-06-10 20:00,13.55,2,yesterday:8
2019-06-11 00:00,12.52,1,yesterday:2
2019-06-11 04:00,12.1,1,yesterday:2
2019-06-11 08:00,17.9,0,yesterday:2
2019-06-11 12:00,21.08,2,yesterday:2
2019-06-11 16:00,20.85,2,yesterday:2
2019-06-11 20:00,15.92,0,yesterday:2
2019-06-12 00:00,12.7,0,yesterday:2
2019-06-12 04:00,13.7,1,yesterday:2
2019-06-12 08:00,18.82,2,yesterday:2
2019-06-12 12:00,21.0,2,yesterday:2
2019-06-12 16:00,19.8,2,yesterday:2
2019-06-12 20:00,16.75,2,yesterday:2
2019-06-13 00:00,15.25,6,yesterday:8
2019-06-13 04:00,14.23,8,yesterday:8
2019-06-13 08:00,14.58,8,yesterday:8
2019-06-13 12:00,14.75,8,yesterday:8
2019-06-13 16:00,15.85,2,yesterday:8
2019-06-13 20:00,13.98,2,yesterday:8
2019-06-14 00:00,12.52,2,yesterday:6
2019-06-14 04:00,11.45,2,yesterday:6
2019-06-14 08:00,16.62,1,yesterday:6
2019-06-14 12:00,21.72,1,yesterday:6
2019-06-14 16:00,20.05,2,yesterday:6
2019-06-14 20:00,18.55,6,yesterday:6
2019-06-15 00:00,17.42,6,yesterday:8
2019-06-15 04:00,17.8,3,yesterday:8
2019-06-15 08:00,19.65,3,yesterday:8
2019-06-15 12:00,18.42,6,yesterday:8
2019-06-15 16:00,17.75,8,yesterday:8
2019-06-15 20:00,16.18,6,yesterday:8
2019-06-16 00:00,13.8,2,yesterday:3
2019-06-16 04:00,12.15,1,yesterday:3
2019-06-16 08:00,17.7,2,yesterday:3
2019-06-16 12:00,16.75,3,yesterday:3
2019-06-16 16:00,18.4,2,yesterday:3
2019-06-16 20:00,15.55,1,yesterday:3
2019-06-17 00:00,13.85,2,yesterday:2
2019-06-17 04:00,14.13,2,yesterday:2
2019-06-17 08:00,18.65,2,yesterday:2
2019-06-17 12:00,21.08,2,yesterday:2
2019-06-17 16:00,20.0,2,yesterday:2
2019-06-17 20:00,16.3,2,yesterday:2
2019-06-18 00:00,16.95,2,yesterday:2
2019-06-18 04:00,17.32,2,yesterday:2
2019-06-18 08:00,20.62,2,yesterday:2
2019-06-18 12:00,23.35,1,yesterday:2
2019-06-18 16:00,22.35,2,yesterday:2
2019-06-18 20:00,19.35,2,yesterday:2
2019-06-19 00:00,18.38,0,yesterday:3
2019-06-19 04:00,17.58,2,yesterday:3
2019-06-19 08:00,22.22,3,yesterday:3
2019-06-19 12:00,24.4,3,yesterday:3
2019-06-19 16:00,23.72,3,yesterday:3
2019-06-19 20:00,18.9,2,yesterday:3
2019-06-20 00:00,18.22,2,yesterday:8
2019-06-20 04:00,17.27,6,yesterday:8
2019-06-20 08:00,18.85,6,yesterday:8
2019-06-20 12:00,20.9,2,yesterday:8
2019-06-20 16:00,18.32,8,yesterday:8
2019-06-20 20:00,16.92,8,yesterday:8
2019-06-21 00:00,15.82,6,yesterday:6
2019-06-21 04:00,15.13,2,yesterday:6
2019-06-21 08:00,19.6,1,yesterday:6
2019-06-21 12:00,22.3,1,yesterday:6
2019-06-21 16:00,21.6,1,yesterday:6
2019-06-21 20:00,17.8,0,yesterday:6
2019-06-22 00:00,14.95,0,yesterday:1
2019-06-22 04:00,14.85,1,yesterday:1
2019-06-22 08:00,20.35,1,yesterday:1
2019-06-22 12:00,23.18,0,yesterday:1
2019-06-22 16:00,23.38,1,yesterday:1
2019-06-22 20:00,18.97,0,yesterday:1
2019-06-23 00:00,14.6,0,yesterday:2
2019-06-23 04:00,14.8,1,yesterday:2
2019-06-23 08:00,21.78,1,yesterday:2
2019-06-23 12:00,24.65,2,yesterday:2
2019-06-23 16:00,24.38,0,yesterday:2
2019-06-23 20:00,21.78,1,yesterday:2
2019-06-24 00:00,17.85,0,yesterday:8
2019-06-24 04:00,17.12,3,yesterday:8
2019-06-24 08:00,20.02,3,yesterday:8
2019-06-24 12:00,23.8,2,yesterday:8
2019-06-24 16:00,24.02,2,yesterday:8
2019-06-24 20:00,20.18,8,yesterday:8
2019-06-25 00:00,17.65,8,yesterday:8
2019-06-25 04:00,19.3,8,yesterday:8
2019-06-25 08:00,22.25,2,yesterday:8
2019-06-25 12:00,23.33,1,yesterday:8
2019-06-25 16:00,24.3,2,yesterday:8
2019-06-25 20:00,22.17,0,yesterday:8
2019-06-26 00:00,20.32,1,yesterday:2
2019-06-26 04:00,19.8,2,yesterday:2
2019-06-26 08:00,25.58,1,yesterday:2
2019-06-26 12:00,27.88,1,yesterday:2
2019-06-26 16:00,27.05,1,yesterday:2
2019-06-26 20:00,23.45,0,yesterday:2
2019-06-27 00:00,20.42,0,yesterday:2
2019-06-27 04:00,19.6,2,yesterday:2
2019-06-27 08:00,25.85,2,yesterday:2
2019-06-27 12:00,27.78,2,yesterday:2
2019-06-27 16:00,28.48,1,yesterday:2
2019-06-27 20:00,24.98,0,yesterday:2
2019-06-28 00:00,20.85,1,yesterday:3
2019-06-28 04:00,21.33,1,yesterday:3
2019-06-28 08:00,26.38,2,yesterday:3
2019-06-28 12:00,25.82,2,yesterday:3
2019-06-28 16:00,23.65,3,yesterday:3
2019-06-28 20:00,21.4,2,yesterday:3
2019-06-29 00:00,20.88,2,yesterday:2
2019-06-29 04:00,20.48,2,yesterday:2
2019-06-29 08:00,24.62,2,yesterday:2
2019-06-29 12:00,27.85,2,yesterday:2
2019-06-29 16:00,27.4,1,yesterday:2
2019-06-29 20:00,22.1,0,yesterday:2
2019-06-30 00:00,19.02,0,yesterday:1
2019-06-30 04:00,18.3,0,yesterday:1
2019-06-30 08:00,20.5,1,yesterday:1
2019-06-30 12:00,22.58,0,yesterday:1
2019-06-30 16:00,22.82,1,yesterday:1
2019-06-30 20:00,19.4,0,yesterday:1
2019-07-01 00:00,15.5,0.0,yesterday:None
2019-07-01 04:00,15.85,2.0,yesterday:None
2019-07-01 08:00,22.33,2.0,yesterday:None
2019-07-01 12:00,25.72,2.0,yesterday:None
2019-07-01 16:00,26.1,1.0,yesterday:None
2019-07-01 20:00,24.28,2.0,yesterday:None
2019-07-02 00:00,22.7,6.0,yesterday:6
2019-07-02 04:00,21.55,6.0,yesterday:6
2019-07-02 08:00,23.12,3.0,yesterday:6
2019-07-02 12:00,25.28,,yesterday:6
2019-07-02 16:00,25.62,3.0,yesterday:6
2019-07-02 20:00,22.55,1.0,yesterday:6
2019-07-03 00:00,20.23,1.0,yesterday:8
2019-07-03 04:00,19.5,8.0,yesterday:8
2019-07-03 08:00,24.15,1.0,yesterday:8
2019-07-03 12:00,28.18,1.0,yesterday:8
2019-07-03 16:00,27.65,2.0,yesterday:8
2019-07-03 20:00,25.45,0.0,yesterday:8
2019-07-04 00:00,20.78,0.0,yesterday:2
2019-07-04 04:00,20.12,2.0,yesterday:2
2019-07-04 08:00,26.72,2.0,yesterday:2
2019-07-04 12:00,28.2,1.0,yesterday:2
2019-07-04 16:00,28.02,1.0,yesterday:2
2019-07-04 20:00,25.35,0.0,yesterday:2
2019-07-05 00:00,23.42,0.0,yesterday:3
2019-07-05 04:00,22.18,1.0,yesterday:3
2019-07-05 08:00,27.83,1.0,yesterday:3
2019-07-05 12:00,28.02,,yesterday:3
2019-07-05 16:00,29.38,2.0,yesterday:3
2019-07-05 20:00,25.72,3.0,yesterday:3
2019-07-06 00:00,24.67,2.0,yesterday:2
2019-07-06 04:00,24.4,2.0,yesterday:2
2019-07-06 08:00,26.88,2.0,yesterday:2
2019-07-06 12:00,29.7,2.0,yesterday:2
2019-07-06 16:00,28.9,2.0,yesterday:2
2019-07-06 20:00,25.42,2.0,yesterday:2
2019-07-07 00:00,21.58,2.0,yesterday:2
2019-07-07 04:00,19.8,2.0,yesterday:2
2019-07-07 08:00,22.15,0.0,yesterday:2
2019-07-07 12:00,22.82,2.0,yesterday:2
2019-07-07 16:00,22.1,2.0,yesterday:2
2019-07-07 20:00,20.0,1.0,yesterday:2
2019-07-08 00:00,16.62,0.0,yesterday:3
2019-07-08 04:00,16.05,2.0,yesterday:3
2019-07-08 08:00,22.32,2.0,yesterday:3
2019-07-08 12:00,24.62,2.0,yesterday:3
2019-07-08 16:00,23.38,3.0,yesterday:3
2019-07-08 20:00,20.88,2.0,yesterday:3
2019-07-09 00:00,17.88,0.0,yesterday:3
2019-07-09 04:00,17.15,2.0,yesterday:3
2019-07-09 08:00,23.37,2.0,yesterday:3
2019-07-09 12:00,26.2,2.0,yesterday:3
2019-07-09 16:00,25.95,3.0,yesterday:3
2019-07-09 20:00,22.25,2.0,yesterday:3
2019-07-10 00:00,19.2,3.0,yesterday:6
2019-07-10 04:00,17.88,3.0,yesterday:6
2019-07-10 08:00,25.05,1.0,yesterday:6
2019-07-10 12:00,27.8,1.0,yesterday:6
2019-07-10 16:00,26.1,1.0,yesterday:6
2019-07-10 20:00,23.42,6.0,yesterday:6
2019-07-11 00:00,22.62,2.0,yesterday:3
2019-07-11 04:00,22.5,3.0,yesterday:3
2019-07-11 08:00,25.38,,yesterday:3
2019-07-11 12:00,28.35,,yesterday:3
2019-07-11 16:00,25.6,2.0,yesterday:3
2019-07-11 20:00,19.27,0.0,yesterday:3
2019-07-12 00:00,17.65,0.0,yesterday:3
2019-07-12 04:00,18.92,2.0,yesterday:3
2019-07-12 08:00,20.5,3.0,yesterday:3
2019-07-12 12:00,21.58,3.0,yesterday:3
2019-07-12 16:00,23.08,2.0,yesterday:3
2019-07-12 20:00,19.28,1.0,yesterday:3
2019-07-13 00:00,16.62,0.0,yesterday:2
2019-07-13 04:00,18.12,1.0,yesterday:2
2019-07-13 08:00,26.0,2.0,yesterday:2
2019-07-13 12:00,27.45,2.0,yesterday:2
2019-07-13 16:00,27.08,2.0,yesterday:2
2019-07-13 20:00,24.2,1.0,yesterday:2
2019-07-14 00:00,19.05,0.0,yesterday:1
2019-07-14 04:00,17.82,0.0,yesterday:1
2019-07-14 08:00,22.55,0.0,yesterday:1
2019-07-14 12:00,25.55,0.0,yesterday:1
2019-07-14 16:00,25.85,1.0,yesterday:1
2019-07-14 20:00,20.7,0.0,yesterday:1
2019-07-15 00:00,17.12,0.0,yesterday:2
2019-07-15 04:00,16.68,2.0,yesterday:2
2019-07-15 08:00,22.05,2.0,yesterday:2
2019-07-15 12:00,25.35,2.0,yesterday:2
2019-07-15 16:00,25.18,2.0,yesterday:2
2019-07-15 20:00,24.3,2.0,yesterday:2
2019-07-16 00:00,20.45,2.0,yesterday:3
2019-07-16 04:00,20.02,1.0,yesterday:3
2019-07-16 08:00,29.02,1.0,yesterday:3
2019-07-16 12:00,28.8,2.0,yesterday:3
2019-07-16 16:00,26.25,2.0,yesterday:3
2019-07-16 20:00,24.52,3.0,yesterday:3
2019-07-17 00:00,23.5,6.0,yesterday:8
2019-07-17 04:00,22.98,3.0,yesterday:8
2019-07-17 08:00,22.83,8.0,yesterday:8
2019-07-17 12:00,26.3,2.0,yesterday:8
2019-07-17 16:00,25.98,2.0,yesterday:8
2019-07-17 20:00,24.2,2.0,yesterday:8
2019-07-18 00:00,21.92,8.0,yesterday:8
2019-07-18 04:00,21.88,3.0,yesterday:8
2019-07-18 08:00,23.4,2.0,yesterday:8
2019-07-18 12:00,26.28,1.0,yesterday:8
2019-07-18 16:00,25.58,2.0,yesterday:8
2019-07-18 20:00,23.4,1.0,yesterday:8
2019-07-19 00:00,23.52,1.0,yesterday:3
2019-07-19 04:00,23.52,2.0,yesterday:3
2019-07-19 08:00,28.78,2.0,yesterday:3
2019-07-19 12:00,28.18,,yesterday:3
2019-07-19 16:00,29.5,3.0,yesterday:3
2019-07-19 20:00,26.9,2.0,yesterday:3
2019-07-20 00:00,25.55,1.0,yesterday:6
2019-07-20 04:00,25.58,3.0,yesterday:6
2019-07-20 08:00,28.25,2.0,yesterday:6
2019-07-20 12:00,31.82,2.0,yesterday:6
2019-07-20 16:00,31.3,2.0,yesterday:6
2019-07-20 20:00,24.42,6.0,yesterday:6
2019-07-21 00:00,22.75,1.0,yesterday:2
2019-07-21 04:00,22.45,1.0,yesterday:2
2019-07-21 08:00,24.92,2.0,yesterday:2
2019-07-21 12:00,27.8,1.0,yesterday:2
2019-07-21 16:00,27.25,2.0,yesterday:2
2019-07-21 20:00,23.35,0.0,yesterday:2
2019-07-22 00:00,19.92,2.0,yesterday:6
2019-07-22 04:00,19.35,6.0,yesterday:6
2019-07-22 08:00,21.8,2.0,yesterday:6
2019-07-22 12:00,22.65,2.0,yesterday:6
2019-07-22 16:00,20.92,6.0,yesterday:6
2019-07-22 20:00,19.2,,yesterday:6
2019-07-23 00:00,17.18,1.0,yesterday:1
2019-07-23 04:00,16.6,1.0,yesterday:1
2019-07-23 08:00,22.12,0.0,yesterday:1
2019-07-23 12:00,25.35,1.0,yesterday:1
2019-07-23 16:00,24.42,1.0,yesterday:1
2019-07-23 20:00,20.45,1.0,yesterday:1
2019-07-24 00:00,17.42,1.0,yesterday:2
2019-07-24 04:00,16.78,1.0,yesterday:2
2019-07-24 08:00,21.78,1.0,yesterday:2
2019-07-24 12:00,25.02,2.0,yesterday:2
2019-07-24 16:00,24.5,1.0,yesterday:2
2019-07-24 20:00,21.12,1.0,yesterday:2
2019-07-25 00:00,17.95,0.0,yesterday:2
2019-07-25 04:00,17.55,0.0,yesterday:2
2019-07-25 08:00,24.12,0.0,yesterday:2
2019-07-25 12:00,27.43,1.0,yesterday:2
2019-07-25 16:00,24.9,2.0,yesterday:2
2019-07-25 20:00,23.55,0.0,yesterday:2
2019-07-26 00:00,19.68,0.0,yesterday:1
2019-07-26 04:00,19.55,0.0,yesterday:1
2019-07-26 08:00,25.08,1.0,yesterday:1
2019-07-26 12:00,27.88,1.0,yesterday:1
2019-07-26 16:00,27.75,1.0,yesterday:1
2019-07-26 20:00,24.52,0.0,yesterday:1
2019-07-27 00:00,21.08,0.0,yesterday:6
2019-07-27 04:00,20.2,1.0,yesterday:6
2019-07-27 08:00,25.9,3.0,yesterday:6
2019-07-27 12:00,28.38,6.0,yesterday:6
2019-07-27 16:00,28.02,2.0,yesterday:6
2019-07-27 20:00,25.38,2.0,yesterday:6
2019-07-28 00:00,23.68,1.0,yesterday:2
2019-07-28 04:00,22.75,2.0,yesterday:2
2019-07-28 08:00,26.38,2.0,yesterday:2
2019-07-28 12:00,29.45,1.0,yesterday:2
2019-07-28 16:00,29.65,2.0,yesterday:2
2019-07-28 20:00,25.1,0.0,yesterday:2
2019-07-29 00:00,22.72,0.0,yesterday:3
2019-07-29 04:00,22.82,2.0,yesterday:3
2019-07-29 08:00,28.43,2.0,yesterday:3
2019-07-29 12:00,30.72,2.0,yesterday:3
2019-07-29 16:00,28.98,3.0,yesterday:3
2019-07-29 20:00,23.4,1.0,yesterday:3
2019-07-30 00:00,21.83,3.0,yesterday:8
2019-07-30 04:00,20.55,6.0,yesterday:8
2019-07-30 08:00,23.2,8.0,yesterday:8
2019-07-30 12:00,27.92,2.0,yesterday:8
2019-07-30 16:00,25.88,2.0,yesterday:8
2019-07-30 20:00,21.75,0.0,yesterday:8
2019-07-31 00:00,18.98,1.0,yesterday:1
2019-07-31 04:00,17.45,1.0,yesterday:1
2019-07-31 08:00,20.75,1.0,yesterday:1
2019-07-31 12:00,25.82,1.0,yesterday:1
2019-07-31 16:00,25.08,1.0,yesterday:1
2019-07-31 20:00,19.85,0.0,yesterday:1
2019-08-01 00:00,17.05,1.0,yesterday:None
2019-08-01 04:00,16.55,1.0,yesterday:None
2019-08-01 08:00,22.8,1.0,yesterday:None
2019-08-01 12:00,24.7,1.0,yesterday:None
2019-08-01 16:00,24.65,1.0,yesterday:None
2019-08-01 20:00,21.55,0.0,yesterday:None
2019-08-02 00:00,17.9,0.0,yesterday:1
2019-08-02 04:00,17.17,1.0,yesterday:1
2019-08-02 08:00,24.0,1.0,yesterday:1
2019-08-02 12:00,26.33,1.0,yesterday:1
2019-08-02 16:00,25.62,1.0,yesterday:1
2019-08-02 20:00,21.98,0.0,yesterday:1
2019-08-03 00:00,18.73,0.0,yesterday:2
2019-08-03 04:00,17.98,0.0,yesterday:2
2019-08-03 08:00,25.35,0.0,yesterday:2
2019-08-03 12:00,27.42,1.0,yesterday:2
2019-08-03 16:00,26.45,2.0,yesterday:2
2019-08-03 20:00,23.22,0.0,yesterday:2
2019-08-04 00:00,20.3,1.0,yesterday:2
2019-08-04 04:00,19.65,2.0,yesterday:2
2019-08-04 08:00,23.1,1.0,yesterday:2
2019-08-04 12:00,24.5,1.0,yesterday:2
2019-08-04 16:00,24.02,1.0,yesterday:2
2019-08-04 20:00,20.95,1.0,yesterday:2
2019-08-05 00:00,18.68,1.0,yesterday:2
2019-08-05 04:00,17.62,0.0,yesterday:2
2019-08-05 08:00,24.98,1.0,yesterday:2
2019-08-05 12:00,27.95,2.0,yesterday:2
2019-08-05 16:00,26.62,1.0,yesterday:2
2019-08-05 20:00,24.28,1.0,yesterday:2
2019-08-06 00:00,21.72,0.0,yesterday:3
2019-08-06 04:00,21.88,1.0,yesterday:3
2019-08-06 08:00,22.75,,yesterday:3
2019-08-06 12:00,26.12,2.0,yesterday:3
2019-08-06 16:00,25.83,3.0,yesterday:3
2019-08-06 20:00,23.02,2.0,yesterday:3
2019-08-07 00:00,21.4,2.0,yesterday:2
2019-08-07 04:00,20.72,2.0,yesterday:2
2019-08-07 08:00,23.6,2.0,yesterday:2
2019-08-07 12:00,26.0,2.0,yesterday:2
2019-08-07 16:00,25.98,2.0,yesterday:2
2019-08-07 20:00,23.08,0.0,yesterday:2
2019-08-08 00:00,19.32,0.0,yesterday:2
2019-08-08 04:00,19.88,2.0,yesterday:2
2019-08-08 08:00,22.22,2.0,yesterday:2
2019-08-08 12:00,24.12,2.0,yesterday:2
2019-08-08 16:00,25.08,1.0,yesterday:2
2019-08-08 20:00,20.95,0.0,yesterday:2
2019-08-09 00:00,17.02,0.0,yesterday:2
2019-08-09 04:00,15.38,0.0,yesterday:2
2019-08-09 08:00,22.38,1.0,yesterday:2
2019-08-09 12:00,24.98,2.0,yesterday:2
2019-08-09 16:00,24.08,2.0,yesterday:2
2019-08-09 20:00,19.6,0.0,yesterday:2
2019-08-10 00:00,16.35,0.0,yesterday:2
2019-08-10 04:00,15.25,0.0,yesterday:2
2019-08-10 08:00,21.25,1.0,yesterday:2
2019-08-10 12:00,24.38,2.0,yesterday:2
2019-08-10 16:00,23.35,1.0,yesterday:2
2019-08-10 20:00,19.1,0.0,yesterday:2
2019-08-11 00:00,15.58,1.0,yesterday:2
2019-08-11 04:00,15.7,1.0,yesterday:2
2019-08-11 08:00,23.95,1.0,yesterday:2
2019-08-11 12:00,26.82,2.0,yesterday:2
2019-08-11 16:00,27.28,2.0,yesterday:2
2019-08-11 20:00,22.0,0.0,yesterday:2
2019-08-12 00:00,20.45,2.0,yesterday:6
2019-08-12 04:00,20.03,6.0,yesterday:6
2019-08-12 08:00,23.15,2.0,yesterday:6
2019-08-12 12:00,28.15,2.0,yesterday:6
2019-08-12 16:00,26.72,2.0,yesterday:6
2019-08-12 20:00,22.75,3.0,yesterday:6
2019-08-13 00:00,21.0,2.0,yesterday:2
2019-08-13 04:00,19.58,1.0,yesterday:2
2019-08-13 08:00,23.72,2.0,yesterday:2
2019-08-13 12:00,27.2,2.0,yesterday:2
2019-08-13 16:00,25.72,2.0,yesterday:2
2019-08-13 20:00,22.5,2.0,yesterday:2
2019-08-14 00:00,19.12,1.0,yesterday:1
2019-08-14 04:00,17.8,1.0,yesterday:1
2019-08-14 08:00,22.02,1.0,yesterday:1
2019-08-14 12:00,24.82,0.0,yesterday:1
2019-08-14 16:00,23.37,1.0,yesterday:1
2019-08-14 20:00,19.18,0.0,yesterday:1
2019-08-15 00:00,16.77,0.0,yesterday:6
2019-08-15 04:00,16.4,1.0,yesterday:6
2019-08-15 08:00,21.65,1.0,yesterday:6
2019-08-15 12:00,21.52,6.0,yesterday:6
2019-08-15 16:00,20.02,2.0,yesterday:6
2019-08-15 20:00,19.33,2.0,yesterday:6
2019-08-16 00:00,17.98,2.0,yesterday:2
2019-08-16 04:00,17.02,1.0,yesterday:2
2019-08-16 08:00,22.2,2.0,yesterday:2
2019-08-16 12:00,24.95,1.0,yesterday:2
2019-08-16 16:00,23.4,1.0,yesterday:2
2019-08-16 20:00,20.2,0.0,yesterday:2
2019-08-17 00:00,19.1,0.0,yesterday:8
2019-08-17 04:00,19.02,8.0,yesterday:8
2019-08-17 08:00,20.5,8.0,yesterday:8
2019-08-17 12:00,23.75,,yesterday:8
2019-08-17 16:00,26.82,1.0,yesterday:8
2019-08-17 20:00,22.7,0.0,yesterday:8
2019-08-18 00:00,20.1,0.0,yesterday:8
2019-08-18 04:00,19.88,8.0,yesterday:8
2019-08-18 08:00,22.4,6.0,yesterday:8
2019-08-18 12:00,25.65,2.0,yesterday:8
2019-08-18 16:00,22.9,2.0,yesterday:8
2019-08-18 20:00,22.22,2.0,yesterday:8
2019-08-19 00:00,20.7,6.0,yesterday:6
2019-08-19 04:00,20.68,2.0,yesterday:6
2019-08-19 08:00,24.72,1.0,yesterday:6
2019-08-19 12:00,26.8,1.0,yesterday:6
2019-08-19 16:00,25.88,1.0,yesterday:6
2019-08-19 20:00,20.92,0.0,yesterday:6
2019-08-20 00:00,18.7,1.0,yesterday:6
2019-08-20 04:00,18.18,2.0,yesterday:6
2019-08-20 08:00,23.22,2.0,yesterday:6
2019-08-20 12:00,25.98,6.0,yesterday:6
2019-08-20 16:00,25.08,2.0,yesterday:6
2019-08-20 20:00,23.0,2.0,yesterday:6
2019-08-21 00:00,22.12,3.0,yesterday:6
2019-08-21 04:00,20.75,6.0,yesterday:6
2019-08-21 08:00,24.95,2.0,yesterday:6
2019-08-21 12:00,28.78,2.0,yesterday:6
2019-08-21 16:00,28.02,2.0,yesterday:6
2019-08-21 20:00,23.95,2.0,yesterday:6
2019-08-22 00:00,19.5,1.0,yesterday:2
2019-08-22 04:00,17.5,2.0,yesterday:2
2019-08-22 08:00,20.4,1.0,yesterday:2
2019-08-22 12:00,23.05,1.0,yesterday:2
2019-08-22 16:00,21.48,1.0,yesterday:2
2019-08-22 20:00,17.5,1.0,yesterday:2
2019-08-23 00:00,15.25,1.0,yesterday:2
2019-08-23 04:00,14.52,1.0,yesterday:2
2019-08-23 08:00,19.73,1.0,yesterday:2
2019-08-23 12:00,22.25,2.0,yesterday:2
2019-08-23 16:00,20.82,1.0,yesterday:2
2019-08-23 20:00,16.5,0.0,yesterday:2
2019-08-24 00:00,13.73,0.0,yesterday:2
2019-08-24 04:00,12.85,0.0,yesterday:2
2019-08-24 08:00,18.98,1.0,yesterday:2
2019-08-24 12:00,20.98,2.0,yesterday:2
2019-08-24 16:00,20.58,1.0,yesterday:2
2019-08-24 20:00,17.92,0.0,yesterday:2
2019-08-25 00:00,16.08,1.0,yesterday:2
2019-08-25 04:00,15.15,2.0,yesterday:2
2019-08-25 08:00,20.1,2.0,yesterday:2
2019-08-25 12:00,22.58,2.0,yesterday:2
2019-08-25 16:00,22.12,1.0,yesterday:2
2019-08-25 20:00,19.08,0.0,yesterday:2
2019-08-26 00:00,18.23,0.0,yesterday:2
2019-08-26 04:00,17.55,2.0,yesterday:2
2019-08-26 08:00,21.82,2.0,yesterday:2
2019-08-26 12:00,23.28,2.0,yesterday:2
2019-08-26 16:00,21.55,2.0,yesterday:2
2019-08-26 20:00,20.68,2.0,yesterday:2
2019-08-27 00:00,20.1,2.0,yesterday:8
2019-08-27 04:00,18.75,8.0,yesterday:8
2019-08-27 08:00,19.1,8.0,yesterday:8
2019-08-27 12:00,20.32,8.0,yesterday:8
2019-08-27 16:00,21.48,8.0,yesterday:8
2019-08-27 20:00,21.68,3.0,yesterday:8
2019-08-28 00:00,20.38,1.0,yesterday:6
2019-08-28 04:00,18.62,6.0,yesterday:6
2019-08-28 08:00,23.0,1.0,yesterday:6
2019-08-28 12:00,26.2,2.0,yesterday:6
2019-08-28 16:00,23.92,2.0,yesterday:6
2019-08-28 20:00,19.9,1.0,yesterday:6
2019-08-29 00:00,16.4,1.0,yesterday:2
2019-08-29 04:00,15.85,2.0,yesterday:2
2019-08-29 08:00,20.0,1.0,yesterday:2
2019-08-29 12:00,24.1,1.0,yesterday:2
2019-08-29 16:00,23.67,1.0,yesterday:2
2019-08-29 20:00,21.08,2.0,yesterday:2
2019-08-30 00:00,21.67,2.0,yesterday:2
2019-08-30 04:00,17.15,1.0,yesterday:2
2019-08-30 08:00,20.8,1.0,yesterday:2
2019-08-30 12:00,23.98,1.0,yesterday:2
2019-08-30 16:00,21.58,1.0,yesterday:2
2019-08-30 20:00,17.15,1.0,yesterday:2
2019-08-31 00:00,14.78,1.0,yesterday:2
2019-08-31 04:00,13.32,1.0,yesterday:2
2019-08-31 08:00,18.28,2.0,yesterday:2
2019-08-31 12:00,20.8,2.0,yesterday:2
2019-08-31 16:00,19.95,2.0,yesterday:2
2019-08-31 20:00,17.67,2.0,yesterday:2
2019-09-01 00:00,16.03,2.0,yesterday:None
2019-09-01 04:00,15.75,2.0,yesterday:None
2019-09-01 08:00,18.25,2.0,yesterday:None
2019-09-01 12:00,18.5,6.0,yesterday:None
2019-09-01 16:00,17.65,6.0,yesterday:None
2019-09-01 20:00,17.6,3.0,yesterday:None
2019-09-02 00:00,17.17,6.0,yesterday:6
2019-09-02 04:00,16.83,2.0,yesterday:6
2019-09-02 08:00,19.97,2.0,yesterday:6
2019-09-02 12:00,23.35,2.0,yesterday:6
2019-09-02 16:00,22.65,2.0,yesterday:6
2019-09-02 20:00,18.62,1.0,yesterday:6
2019-09-03 00:00,15.58,1.0,yesterday:6
2019-09-03 04:00,14.45,2.0,yesterday:6
2019-09-03 08:00,19.33,2.0,yesterday:6
2019-09-03 12:00,21.22,2.0,yesterday:6
2019-09-03 16:00,21.55,2.0,yesterday:6
2019-09-03 20:00,21.9,6.0,yesterday:6
2019-09-04 00:00,21.28,8.0,yesterday:8
2019-09-04 04:00,18.77,2.0,yesterday:8
2019-09-04 08:00,17.88,3.0,yesterday:8
2019-09-04 12:00,19.18,3.0,yesterday:8
2019-09-04 16:00,18.8,2.0,yesterday:8
2019-09-04 20:00,15.3,0.0,yesterday:8
2019-09-05 00:00,12.28,0.0,yesterday:2
2019-09-05 04:00,11.58,0.0,yesterday:2
2019-09-05 08:00,17.77,0.0,yesterday:2
2019-09-05 12:00,20.88,0.0,yesterday:2
2019-09-05 16:00,19.75,1.0,yesterday:2
2019-09-05 20:00,17.42,2.0,yesterday:2
2019-09-06 00:00,14.78,2.0,yesterday:6
2019-09-06 04:00,13.8,2.0,yesterday:6
2019-09-06 08:00,19.1,2.0,yesterday:6
2019-09-06 12:00,18.28,6.0,yesterday:6
2019-09-06 16:00,16.27,3.0,yesterday:6
2019-09-06 20:00,14.15,2.0,yesterday:6
2019-09-07 00:00,12.38,1.0,yesterday:2
2019-09-07 04:00,12.7,2.0,yesterday:2
2019-09-07 08:00,17.35,2.0,yesterday:2
2019-09-07 12:00,20.45,2.0,yesterday:2
2019-09-07 16:00,20.6,2.0,yesterday:2
2019-09-07 20:00,15.9,1.0,yesterday:2
2019-09-08 00:00,12.95,1.0,yesterday:2
2019-09-08 04:00,12.5,1.0,yesterday:2
2019-09-08 08:00,16.25,2.0,yesterday:2
2019-09-08 12:00,17.2,2.0,yesterday:2
2019-09-08 16:00,15.4,2.0,yesterday:2
2019-09-08 20:00,11.7,0.0,yesterday:2
2019-09-09 00:00,9.57,0.0,yesterday:2
2019-09-09 04:00,9.75,2.0,yesterday:2
2019-09-09 08:00,14.08,2.0,yesterday:2
2019-09-09 12:00,17.95,1.0,yesterday:2
2019-09-09 16:00,17.25,1.0,yesterday:2
2019-09-09 20:00,14.82,0.0,yesterday:2
2019-09-10 00:00,13.25,0.0,yesterday:3
2019-09-10 04:00,13.1,2.0,yesterday:3
2019-09-10 08:00,18.77,3.0,yesterday:3
2019-09-10 12:00,19.85,3.0,yesterday:3
2019-09-10 16:00,21.52,3.0,yesterday:3
2019-09-10 20:00,20.92,2.0,yesterday:3
2019-09-11 00:00,19.82,2.0,yesterday:3
2019-09-11 04:00,19.62,2.0,yesterday:3
2019-09-11 08:00,24.9,2.0,yesterday:3
2019-09-11 12:00,27.82,2.0,yesterday:3
2019-09-11 16:00,26.08,3.0,yesterday:3
2019-09-11 20:00,19.8,3.0,yesterday:3
2019-09-12 00:00,17.45,6.0,yesterday:6
2019-09-12 04:00,14.08,6.0,yesterday:6
2019-09-12 08:00,15.12,3.0,yesterday:6
2019-09-12 12:00,18.88,2.0,yesterday:6
2019-09-12 16:00,18.1,2.0,yesterday:6
2019-09-12 20:00,15.65,1.0,yesterday:6
2019-09-13 00:00,14.5,2.0,yesterday:3
2019-09-13 04:00,15.32,2.0,yesterday:3
2019-09-13 08:00,16.58,3.0,yesterday:3
2019-09-13 12:00,19.02,3.0,yesterday:3
2019-09-13 16:00,21.12,3.0,yesterday:3
2019-09-13 20:00,19.35,3.0,yesterday:3
2019-09-14 00:00,19.95,3.0,yesterday:3
2019-09-14 04:00,16.98,2.0,yesterday:3
2019-09-14 08:00,18.82,2.0,yesterday:3
2019-09-14 12:00,21.3,2.0,yesterday:3
2019-09-14 16:00,20.45,1.0,yesterday:3
2019-09-14 20:00,16.3,0.0,yesterday:3
2019-09-15 00:00,13.68,1.0,yesterday:6
2019-09-15 04:00,13.03,2.0,yesterday:6
2019-09-15 08:00,15.73,,yesterday:6
2019-09-15 12:00,15.62,,yesterday:6
2019-09-15 16:00,16.08,6.0,yesterday:6
2019-09-15 20:00,15.8,4.0,yesterday:6
2019-09-16 00:00,15.77,3.0,yesterday:6
2019-09-16 04:00,15.77,3.0,yesterday:6
2019-09-16 08:00,17.25,2.0,yesterday:6
2019-09-16 12:00,17.17,6.0,yesterday:6
2019-09-16 16:00,16.12,6.0,yesterday:6
2019-09-16 20:00,15.5,2.0,yesterday:6
2019-09-17 00:00,12.73,0.0,yesterday:1
2019-09-17 04:00,12.58,0.0,yesterday:1
2019-09-17 08:00,18.42,0.0,yesterday:1
2019-09-17 12:00,22.08,0.0,yesterday:1
2019-09-17 16:00,20.42,1.0,yesterday:1
2019-09-17 20:00,17.32,0.0,yesterday:1
2019-09-18 00:00,14.7,1.0,yesterday:2
2019-09-18 04:00,14.05,1.0,yesterday:2
2019-09-18 08:00,19.65,1.0,yesterday:2
2019-09-18 12:00,21.8,2.0,yesterday:2
2019-09-18 16:00,20.15,1.0,yesterday:2
2019-09-18 20:00,17.35,2.0,yesterday:2
2019-09-19 00:00,16.7,2.0,yesterday:2
2019-09-19 04:00,16.05,1.0,yesterday:2
2019-09-19 08:00,19.65,2.0,yesterday:2
2019-09-19 12:00,22.22,2.0,yesterday:2
2019-09-19 16:00,19.92,2.0,yesterday:2
2019-09-19 20:00,16.92,0.0,yesterday:2
2019-09-20 00:00,14.6,0.0,yesterday:2
2019-09-20 04:00,14.08,2.0,yesterday:2
2019-09-20 08:00,20.25,2.0,yesterday:2
2019-09-20 12:00,23.45,2.0,yesterday:2
2019-09-20 16:00,21.82,2.0,yesterday:2
2019-09-20 20:00,19.65,2.0,yesterday:2
2019-09-21 00:00,18.62,2.0,yesterday:2
2019-09-21 04:00,17.55,2.0,yesterday:2
2019-09-21 08:00,22.7,1.0,yesterday:2
2019-09-21 12:00,25.98,1.0,yesterday:2
2019-09-21 16:00,23.58,1.0,yesterday:2
2019-09-21 20:00,21.22,0.0,yesterday:2
2019-09-22 00:00,21.45,0.0,yesterday:3
2019-09-22 04:00,21.68,3.0,yesterday:3
2019-09-22 08:00,24.95,2.0,yesterday:3
2019-09-22 12:00,30.4,1.0,yesterday:3
2019-09-22 16:00,27.98,2.0,yesterday:3
2019-09-22 20:00,25.55,1.0,yesterday:3
2019-09-23 00:00,23.78,6.0,yesterday:6
2019-09-23 04:00,22.12,6.0,yesterday:6
2019-09-23 08:00,23.55,2.0,yesterday:6
2019-09-23 12:00,23.42,2.0,yesterday:6
2019-09-23 16:00,20.2,,yesterday:6
2019-09-23 20:00,16.2,1.0,yesterday:6
2019-09-24 00:00,15.35,0.0,yesterday:2
2019-09-24 04:00,14.02,1.0,yesterday:2
2019-09-24 08:00,18.18,2.0,yesterday:2
2019-09-24 12:00,20.92,2.0,yesterday:2
2019-09-24 16:00,19.82,2.0,yesterday:2
2019-09-24 20:00,16.55,0.0,yesterday:2
2019-09-25 00:00,13.08,0.0,yesterday:2
2019-09-25 04:00,14.35,2.0,yesterday:2
2019-09-25 08:00,22.1,2.0,yesterday:2
2019-09-25 12:00,25.68,2.0,yesterday:2
2019-09-25 16:00,23.95,2.0,yesterday:2
2019-09-25 20:00,20.62,1.0,yesterday:2
2019-09-26 00:00,18.55,2.0,yesterday:6
2019-09-26 04:00,16.35,6.0,yesterday:6
2019-09-26 08:00,17.45,1.0,yesterday:6
2019-09-26 12:00,21.08,1.0,yesterday:6
2019-09-26 16:00,17.52,1.0,yesterday:6
2019-09-26 20:00,13.27,0.0,yesterday:6
2019-09-27 00:00,11.18,0.0,yesterday:6
2019-09-27 04:00,10.65,2.0,yesterday:6
2019-09-27 08:00,15.98,2.0,yesterday:6
2019-09-27 12:00,21.62,2.0,yesterday:6
2019-09-27 16:00,21.55,6.0,yesterday:6
2019-09-27 20:00,20.0,1.0,yesterday:6
2019-09-28 00:00,18.47,6.0,yesterday:6
2019-09-28 04:00,18.32,6.0,yesterday:6
2019-09-28 08:00,20.2,6.0,yesterday:6
2019-09-28 12:00,18.23,6.0,yesterday:6
2019-09-28 16:00,17.48,2.0,yesterday:6
2019-09-28 20:00,14.15,0.0,yesterday:6
2019-09-29 00:00,11.68,0.0,yesterday:3
2019-09-29 04:00,9.75,2.0,yesterday:3
2019-09-29 08:00,12.32,2.0,yesterday:3
2019-09-29 12:00,13.4,3.0,yesterday:3
2019-09-29 16:00,13.12,2.0,yesterday:3
2019-09-29 20:00,12.75,2.0,yesterday:3
2019-09-30 00:00,13.58,2.0,yesterday:2
2019-09-30 04:00,12.52,2.0,yesterday:2
2019-09-30 08:00,13.5,2.0,yesterday:2
2019-09-30 12:00,16.05,2.0,yesterday:2
2019-09-30 16:00,16.23,1.0,yesterday:2
2019-09-30 20:00,15.65,2.0,yesterday:2
2019-10-01 00:00,15.18,0.0,yesterday:None
2019-10-01 04:00,17.05,1.0,yesterday:None
2019-10-01 08:00,26.6,2.0,yesterday:None
2019-10-01 12:00,29.45,8.0,yesterday:None
2019-10-01 16:00,22.02,3.0,yesterday:None
2019-10-01 20:00,20.92,2.0,yesterday:None
2019-10-02 00:00,18.4,2.0,yesterday:8
2019-10-02 04:00,16.02,6.0,yesterday:8
2019-10-02 08:00,16.08,8.0,yesterday:8
2019-10-02 12:00,14.3,6.0,yesterday:8
2019-10-02 16:00,13.27,3.0,yesterday:8
2019-10-02 20:00,10.9,2.0,yesterday:8
2019-10-03 00:00,9.07,2.0,yesterday:8
2019-10-03 04:00,8.65,6.0,yesterday:8
2019-10-03 08:00,8.93,8.0,yesterday:8
2019-10-03 12:00,9.75,8.0,yesterday:8
2019-10-03 16:00,11.62,8.0,yesterday:8
2019-10-03 20:00,10.95,1.0,yesterday:8
2019-10-04 00:00,9.93,2.0,yesterday:2
2019-10-04 04:00,7.95,2.0,yesterday:2
2019-10-04 08:00,8.57,2.0,yesterday:2
2019-10-04 12:00,9.93,2.0,yesterday:2
2019-10-04 16:00,9.95,1.0,yesterday:2
2019-10-04 20:00,6.62,0.0,yesterday:2
2019-10-05 00:00,5.03,0.0,yesterday:2
2019-10-05 04:00,7.0,2.0,yesterday:2
2019-10-05 08:00,10.0,2.0,yesterday:2
2019-10-05 12:00,12.22,1.0,yesterday:2
2019-10-05 16:00,11.58,2.0,yesterday:2
2019-10-05 20:00,12.85,2.0,yesterday:2
2019-10-06 00:00,13.38,2.0,yesterday:6
2019-10-06 04:00,13.8,6.0,yesterday:6
2019-10-06 08:00,16.1,3.0,yesterday:6
2019-10-06 12:00,19.23,3.0,yesterday:6
2019-10-06 16:00,18.33,2.0,yesterday:6
2019-10-06 20:00,14.15,2.0,yesterday:6
2019-10-07 00:00,13.2,2.0,yesterday:2
2019-10-07 04:00,13.15,2.0,yesterday:2
2019-10-07 08:00,15.45,2.0,yesterday:2
2019-10-07 12:00,17.4,2.0,yesterday:2
2019-10-07 16:00,15.7,2.0,yesterday:2
2019-10-07 20:00,11.6,0.0,yesterday:2
2019-10-08 00:00,7.85,0.0,yesterday:0
2019-10-08 04:00,7.85,0.0,yesterday:0
2019-10-08 08:00,13.4,0.0,yesterday:0
2019-10-08 12:00,16.58,0.0,yesterday:0
2019-10-08 16:00,14.4,0.0,yesterday:0
2019-10-08 20:00,11.58,0.0,yesterday:0
2019-10-09 00:00,7.88,0.0,yesterday:1
2019-10-09 04:00,6.4,0.0,yesterday:1
2019-10-09 08:00,13.68,1.0,yesterday:1
2019-10-09 12:00,16.62,0.0,yesterday:1
2019-10-09 16:00,13.95,0.0,yesterday:1
2019-10-09 20:00,12.58,0.0,yesterday:1
2019-10-10 00:00,8.82,0.0,yesterday:1
2019-10-10 04:00,8.75,0.0,yesterday:1
2019-10-10 08:00,13.9,1.0,yesterday:1
2019-10-10 12:00,16.1,1.0,yesterday:1
2019-10-10 16:00,14.12,1.0,yesterday:1
2019-10-10 20:00,11.9,0.0,yesterday:1
2019-10-11 00:00,9.15,1.0,yesterday:3
2019-10-11 04:00,10.8,2.0,yesterday:3
2019-10-11 08:00,15.98,1.0,yesterday:3
2019-10-11 12:00,18.65,2.0,yesterday:3
2019-10-11 16:00,15.5,3.0,yesterday:3
2019-10-11 20:00,14.98,2.0,yesterday:3
2019-10-12 00:00,14.58,8.0,yesterday:8
2019-10-12 04:00,12.65,8.0,yesterday:8
2019-10-12 08:00,11.25,2.0,yesterday:8
2019-10-12 12:00,12.4,2.0,yesterday:8
2019-10-12 16:00,9.73,2.0,yesterday:8
2019-10-12 20:00,6.88,0.0,yesterday:8
2019-10-13 00:00,5.68,0.0,yesterday:1
2019-10-13 04:00,6.08,0.0,yesterday:1
2019-10-13 08:00,12.4,1.0,yesterday:1
2019-10-13 12:00,15.52,1.0,yesterday:1
2019-10-13 16:00,15.8,1.0,yesterday:1
2019-10-13 20:00,11.68,1.0,yesterday:1
2019-10-14 00:00,8.57,2.0,yesterday:6
2019-10-14 04:00,7.5,6.0,yesterday:6
2019-10-14 08:00,8.95,2.0,yesterday:6
2019-10-14 12:00,11.38,2.0,yesterday:6
2019-10-14 16:00,8.68,2.0,yesterday:6
2019-10-14 20:00,6.07,2.0,yesterday:6
2019-10-15 00:00,5.22,0.0,yesterday:2
2019-10-15 04:00,4.15,1.0,yesterday:2
2019-10-15 08:00,10.05,2.0,yesterday:2
2019-10-15 12:00,13.55,1.0,yesterday:2
2019-10-15 16:00,12.58,2.0,yesterday:2
2019-10-15 20:00,11.45,1.0,yesterday:2
2019-10-16 00:00,11.87,1.0,yesterday:8
2019-10-16 04:00,12.2,8.0,yesterday:8
2019-10-16 08:00,11.4,8.0,yesterday:8
2019-10-16 12:00,10.17,3.0,yesterday:8
2019-10-16 16:00,9.55,3.0,yesterday:8
2019-10-16 20:00,8.07,6.0,yesterday:8
2019-10-17 00:00,7.88,6.0,yesterday:6
2019-10-17 04:00,7.3,6.0,yesterday:6
2019-10-17 08:00,7.98,6.0,yesterday:6
2019-10-17 12:00,8.3,6.0,yesterday:6
2019-10-17 16:00,8.05,6.0,yesterday:6
2019-10-17 20:00,7.4,2.0,yesterday:6
2019-10-18 00:00,6.93,2.0,yesterday:2
2019-10-18 04:00,6.48,2.0,yesterday:2
2019-10-18 08:00,7.65,2.0,yesterday:2
2019-10-18 12:00,10.02,1.0,yesterday:2
2019-10-18 16:00,8.48,1.0,yesterday:2
2019-10-18 20:00,4.95,0.0,yesterday:2
2019-10-19 00:00,2.95,0.0,yesterday:2
2019-10-19 04:00,2.12,1.0,yesterday:2
2019-10-19 08:00,7.8,1.0,yesterday:2
2019-10-19 12:00,11.32,2.0,yesterday:2
2019-10-19 16:00,9.18,2.0,yesterday:2
2019-10-19 20:00,7.98,2.0,yesterday:2
2019-10-20 00:00,,,yesterday:None
2019-10-20 04:00,,,yesterday:None
2019-10-20 08:00,,,yesterday:None
2019-10-20 12:00,,,yesterday:None
2019-10-20 16:00,,,yesterday:None
2019-10-20 20:00,,,yesterday:None
2019-10-21 00:00,,,yesterday:None
2019-10-21 04:00,,,yesterday:None
2019-10-21 08:00,,,yesterday:None
2019-10-21 12:00,,,yesterday:None
2019-10-21 16:00,,,yesterday:None
2019-10-21 20:00,,,yesterday:None
2019-10-22 00:00,,,yesterday:None
2019-10-22 04:00,,,yesterday:None
2019-10-22 08:00,,,yesterday:None
2019-10-22 12:00,,,yesterday:None
2019-10-22 16:00,,,yesterday:None
2019-10-22 20:00,,,yesterday:None
2019-10-23 00:00,,,yesterday:None
2019-10-23 04:00,,,yesterday:None
2019-10-23 08:00,,,yesterday:None
2019-10-23 12:00,,,yesterday:None
2019-10-23 16:00,,,yesterday:None
2019-10-23 20:00,,,yesterday:None
2019-10-24 00:00,,,yesterday:None
2019-10-24 04:00,,,yesterday:None
2019-10-24 08:00,,,yesterday:None
2019-10-24 12:00,,,yesterday:None
2019-10-24 16:00,,,yesterday:None
2019-10-24 20:00,,,yesterday:None
2019-10-25 00:00,,,yesterday:None
2019-10-25 04:00,,,yesterday:None
2019-10-25 08:00,,,yesterday:None
2019-10-25 12:00,,,yesterday:None
2019-10-25 16:00,,,yesterday:None
2019-10-25 20:00,,,yesterday:None
2019-10-26 00:00,,,yesterday:None
2019-10-26 04:00,,,yesterday:None
2019-10-26 08:00,,,yesterday:None
2019-10-26 12:00,,,yesterday:None
2019-10-26 16:00,,,yesterday:None
2019-10-26 20:00,,,yesterday:None
2019-10-27 00:00,,,yesterday:None
2019-10-27 04:00,,,yesterday:None
2019-10-27 08:00,,,yesterday:None
2019-10-27 12:00,,,yesterday:None
2019-10-27 16:00,,,yesterday:None
2019-10-27 20:00,,,yesterday:None
2019-10-28 00:00,,,yesterday:None
2019-10-28 04:00,,,yesterday:None
2019-10-28 08:00,,,yesterday:None
2019-10-28 12:00,,,yesterday:None
2019-10-28 16:00,,,yesterday:None
2019-10-28 20:00,,,yesterday:None
2019-10-29 00:00,,,yesterday:None
2019-10-29 04:00,,,yesterday:None
2019-10-29 08:00,,,yesterday:None
2019-10-29 12:00,,,yesterday:None
2019-10-29 16:00,,,yesterday:None
2019-10-29 20:00,,,yesterday:None
2019-10-30 00:00,,,yesterday:None
2019-10-30 04:00,,,yesterday:None
2019-10-30 08:00,,,yesterday:None
2019-10-30 12:00,,,yesterday:None
2019-10-30 16:00,,,yesterday:None
2019-10-30 20:00,,,yesterday:None
2019-10-31 00:00,,,yesterday:None
2019-10-31 04:00,,,yesterday:None
2019-10-31 08:00,,,yesterday:None
2019-10-31 12:00,,,yesterday:None
2019-10-31 16:00,,,yesterday:None
2019-10-31 20:00,,,yesterday:None
2019-11-01 00:00,,,yesterday:None
2019-11-01 04:00,,,yesterday:None
2019-11-01 08:00,,,yesterday:None
2019-11-01 12:00,,,yesterday:None
2019-11-01 16:00,,,yesterday:None
2019-11-01 20:00,,,yesterday:None
2019-11-02 00:00,,,yesterday:None
2019-11-02 04:00,,,yesterday:None
2019-11-02 08:00,,,yesterday:None
2019-11-02 12:00,,,yesterday:None
2019-11-02 16:00,,,yesterday:None
2019-11-02 20:00,,,yesterday:None
2019-11-03 00:00,,,yesterday:None
2019-11-03 04:00,,,yesterday:None
2019-11-03 08:00,,,yesterday:None
2019-11-03 12:00,,,yesterday:None
2019-11-03 16:00,,,yesterday:None
2019-11-03 20:00,,,yesterday:None
2019-11-04 00:00,,,yesterday:None
2019-11-04 04:00,,,yesterday:None
2019-11-04 08:00,,,yesterday:None
2019-11-04 12:00,,,yesterday:None
2019-11-04 16:00,,,yesterday:None
2019-11-04 20:00,,,yesterday:None
2019-11-05 00:00,,,yesterday:None
2019-11-05 04:00,,,yesterday:None
2019-11-05 08:00,,,yesterday:None
2019-11-05 12:00,,,yesterday:None
2019-11-05 16:00,,,yesterday:None
2019-11-05 20:00,,,yesterday:None
2019-11-06 00:00,,,yesterday:None
2019-11-06 04:00,,,yesterday:None
2019-11-06 08:00,,,yesterday:None
2019-11-06 12:00,,,yesterday:None
2019-11-06 16:00,,,yesterday:None
2019-11-06 20:00,,,yesterday:None
2019-11-07 00:00,,,yesterday:None
2019-11-07 04:00,,,yesterday:None
2019-11-07 08:00,,,yesterday:None
2019-11-07 12:00,,,yesterday:None
2019-11-07 16:00,,,yesterday:None
2019-11-07 20:00,,,yesterday:None
2019-11-08 00:00,,,yesterday:None
2019-11-08 04:00,,,yesterday:None
2019-11-08 08:00,,,yesterday:None
2019-11-08 12:00,,,yesterday:None
2019-11-08 16:00,,,yesterday:None
2019-11-08 20:00,,,yesterday:None
2019-11-09 00:00,,,yesterday:None
2019-11-09 04:00,,,yesterday:None
2019-11-09 08:00,,,yesterday:None
2019-11-09 12:00,,,yesterday:None
2019-11-09 16:00,,,yesterday:None
2019-11-09 20:00,,,yesterday:None
2019-11-10 00:00,,,yesterday:None
2019-11-10 04:00,,,yesterday:None
2019-11-10 08:00,,,yesterday:None
2019-11-10 12:00,,,yesterday:None
2019-11-10 16:00,,,yesterday:None
2019-11-10 20:00,,,yesterday:None
2019-11-11 00:00,,,yesterday:None
2019-11-11 04:00,,,yesterday:None
2019-11-11 08:00,,,yesterday:None
2019-11-11 12:00,,,yesterday:None
2019-11-11 16:00,,,yesterday:None
2019-11-11 20:00,,,yesterday:None
2019-11-12 00:00,,,yesterday:None
2019-11-12 04:00,,,yesterday:None
2019-11-12 08:00,,,yesterday:None
2019-11-12 12:00,,,yesterday:None
2019-11-12 16:00,,,yesterday:None
2019-11-12 20:00,,,yesterday:None
2019-11-13 00:00,,,yesterday:None
2019-11-13 04:00,,,yesterday:None
2019-11-13 08:00,,,yesterday:None
2019-11-13 12:00,,,yesterday:None
2019-11-13 16:00,,,yesterday:None
2019-11-13 20:00,,,yesterday:None
2019-11-14 00:00,,,yesterday:None
2019-11-14 04:00,,,yesterday:None
2019-11-14 08:00,,,yesterday:None
2019-11-14 12:00,,,yesterday:None
2019-11-14 16:00,,,yesterday:None
2019-11-14 20:00,,,yesterday:None
2019-11-15 00:00,,,yesterday:None
2019-11-15 04:00,,,yesterday:None
2019-11-15 08:00,,,yesterday:None
2019-11-15 12:00,,,yesterday:None
2019-11-15 16:00,,,yesterday:None
2019-11-15 20:00,,,yesterday:None
2019-11-16 00:00,,,yesterday:None
2019-11-16 04:00,,,yesterday:None
2019-11-16 08:00,,,yesterday:None
2019-11-16 12:00,,,yesterday:None
2019-11-16 16:00,,,yesterday:None
2019-11-16 20:00,,,yesterday:None
2019-11-17 00:00,,,yesterday:None
2019-11-17 04:00,,,yesterday:None
2019-11-17 08:00,,,yesterday:None
2019-11-17 12:00,,,yesterday:None
2019-11-17 16:00,,,yesterday:None
2019-11-17 20:00,,,yesterday:None
2019-11-18 00:00,,,yesterday:None
2019-11-18 04:00,,,yesterday:None
2019-11-18 08:00,,,yesterday:None
2019-11-18 12:00,,,yesterday:None
2019-11-18 16:00,,,yesterday:None
2019-11-18 20:00,,,yesterday:None
2019-11-19 00:00,,,yesterday:None
2019-11-19 04:00,,,yesterday:None
2019-11-19 08:00,,,yesterday:None
2019-11-19 12:00,,,yesterday:None
2019-11-19 16:00,,,yesterday:None
2019-11-19 20:00,,,yesterday:None
2019-11-20 00:00,,,yesterday:None
2019-11-20 04:00,,,yesterday:None
2019-11-20 08:00,,,yesterday:None
2019-11-20 12:00,,,yesterday:None
2019-11-20 16:00,,,yesterday:None
2019-11-20 20:00,,,yesterday:None
2019-11-21 00:00,,,yesterday:None
2019-11-21 04:00,,,yesterday:None
2019-11-21 08:00,,,yesterday:None
2019-11-21 12:00,,,yesterday:None
2019-11-21 16:00,,,yesterday:None
2019-11-21 20:00,,,yesterday:None
2019-11-22 00:00,,,yesterday:None
2019-11-22 04:00,,,yesterday:None
2019-11-22 08:00,,,yesterday:None
2019-11-22 12:00,,,yesterday:None
2019-11-22 16:00,,,yesterday:None
2019-11-22 20:00,,,yesterday:None
2019-11-23 00:00,,,yesterday:None
2019-11-23 04:00,,,yesterday:None
2019-11-23 08:00,,,yesterday:None
2019-11-23 12:00,,,yesterday:None
2019-11-23 16:00,,,yesterday:None
2019-11-23 20:00,,,yesterday:None
2019-11-24 00:00,,,yesterday:None
2019-11-24 04:00,,,yesterday:None
2019-11-24 08:00,,,yesterday:None
2019-11-24 12:00,,,yesterday:None
2019-11-24 16:00,,,yesterday:None
2019-11-24 20:00,,,yesterday:None
2019-11-25 00:00,,,yesterday:None
2019-11-25 04:00,,,yesterday:None
2019-11-25 08:00,,,yesterday:None
2019-11-25 12:00,,,yesterday:None
2019-11-25 16:00,,,yesterday:None
2019-11-25 20:00,,,yesterday:None
2019-11-26 00:00,,,yesterday:None
2019-11-26 04:00,,,yesterday:None
2019-11-26 08:00,,,yesterday:None
2019-11-26 12:00,,,yesterday:None
2019-11-26 16:00,,,yesterday:None
2019-11-26 20:00,,,yesterday:None
2019-11-27 00:00,,,yesterday:None
2019-11-27 04:00,,,yesterday:None
2019-11-27 08:00,,,yesterday:None
2019-11-27 12:00,,,yesterday:None
2019-11-27 16:00,,,yesterday:None
2019-11-27 20:00,,,yesterday:None
2019-11-28 00:00,,,yesterday:None
2019-11-28 04:00,,,yesterday:None
2019-11-28 08:00,,,yesterday:None
2019-11-28 12:00,,,yesterday:None
2019-11-28 16:00,,,yesterday:None
2019-11-28 20:00,,,yesterday:None
2019-11-29 00:00,,,yesterday:None
2019-11-29 04:00,,,yesterday:None
2019-11-29 08:00,,,yesterday:None
2019-11-29 12:00,,,yesterday:None
2019-11-29 16:00,,,yesterday:None
2019-11-29 20:00,,,yesterday:None
2019-11-30 00:00,,,yesterday:None
2019-11-30 04:00,,,yesterday:None
2019-11-30 08:00,,,yesterday:None
2019-11-30 12:00,,,yesterday:None
2019-11-30 16:00,,,yesterday:None
2019-11-30 20:00,,,yesterday:None
2019-12-01 00:00,,,yesterday:None
2019-12-01 04:00,,,yesterday:None
2019-12-01 08:00,,,yesterday:None
2019-12-01 12:00,,,yesterday:None
2019-12-01 16:00,,,yesterday:None
2019-12-01 20:00,,,yesterday:None
2019-12-02 00:00,,,yesterday:None
2019-12-02 04:00,,,yesterday:None
2019-12-02 08:00,,,yesterday:None
2019-12-02 12:00,,,yesterday:None
2019-12-02 16:00,,,yesterday:None
2019-12-02 20:00,,,yesterday:None
2019-12-03 00:00,,,yesterday:None
2019-12-03 04:00,,,yesterday:None
2019-12-03 08:00,,,yesterday:None
2019-12-03 12:00,,,yesterday:None
2019-12-03 16:00,,,yesterday:None
2019-12-03 20:00,,,yesterday:None
2019-12-04 00:00,,,yesterday:None
2019-12-04 04:00,,,yesterday:None
2019-12-04 08:00,,,yesterday:None
2019-12-04 12:00,,,yesterday:None
2019-12-04 16:00,,,yesterday:None
2019-12-04 20:00,,,yesterday:None
2019-12-05 00:00,,,yesterday:None
2019-12-05 04:00,,,yesterday:None
2019-12-05 08:00,,,yesterday:None
2019-12-05 12:00,,,yesterday:None
2019-12-05 16:00,,,yesterday:None
2019-12-05 20:00,,,yesterday:None
2019-12-06 00:00,,,yesterday:None
2019-12-06 04:00,,,yesterday:None
2019-12-06 08:00,,,yesterday:None
2019-12-06 12:00,,,yesterday:None
2019-12-06 16:00,,,yesterday:None
2019-12-06 20:00,,,yesterday:None
2019-12-07 00:00,,,yesterday:None
2019-12-07 04:00,,,yesterday:None
2019-12-07 08:00,,,yesterday:None
2019-12-07 12:00,,,yesterday:None
2019-12-07 16:00,,,yesterday:None
2019-12-07 20:00,,,yesterday:None
2019-12-08 00:00,,,yesterday:None
2019-12-08 04:00,,,yesterday:None
2019-12-08 08:00,,,yesterday:None
2019-12-08 12:00,,,yesterday:None
2019-12-08 16:00,,,yesterday:None
2019-12-08 20:00,,,yesterday:None
2019-12-09 00:00,,,yesterday:None
2019-12-09 04:00,,,yesterday:None
2019-12-09 08:00,,,yesterday:None
2019-12-09 12:00,,,yesterday:None
2019-12-09 16:00,,,yesterday:None
2019-12-09 20:00,,,yesterday:None
2019-12-10 00:00,,,yesterday:None
2019-12-10 04:00,,,yesterday:None
2019-12-10 08:00,,,yesterday:None
2019-12-10 12:00,,,yesterday:None
2019-12-10 16:00,,,yesterday:None
2019-12-10 20:00,,,yesterday:None
2019-12-11 00:00,,,yesterday:None
2019-12-11 04:00,,,yesterday:None
2019-12-11 08:00,,,yesterday:None
2019-12-11 12:00,,,yesterday:None
2019-12-11 16:00,,,yesterday:None
2019-12-11 20:00,,,yesterday:None
2019-12-12 00:00,,,yesterday:None
2019-12-12 04:00,,,yesterday:None
2019-12-12 08:00,,,yesterday:None
2019-12-12 12:00,,,yesterday:None
2019-12-12 16:00,,,yesterday:None
2019-12-12 20:00,,,yesterday:None
2019-12-13 00:00,,,yesterday:None
2019-12-13 04:00,,,yesterday:None
2019-12-13 08:00,,,yesterday:None
2019-12-13 12:00,,,yesterday:None
2019-12-13 16:00,,,yesterday:None
2019-12-13 20:00,,,yesterday:None
2019-12-14 00:00,,,yesterday:None
2019-12-14 04:00,,,yesterday:None
2019-12-14 08:00,,,yesterday:None
2019-12-14 12:00,,,yesterday:None
2019-12-14 16:00,,,yesterday:None
2019-12-14 20:00,,,yesterday:None
2019-12-15 00:00,,,yesterday:None
2019-12-15 04:00,,,yesterday:None
2019-12-15 08:00,,,yesterday:None
2019-12-15 12:00,,,yesterday:None
2019-12-15 16:00,,,yesterday:None
2019-12-15 20:00,,,yesterday:None
2019-12-16 00:00,,,yesterday:None
2019-12-16 04:00,,,yesterday:None
2019-12-16 08:00,,,yesterday:None
2019-12-16 12:00,,,yesterday:None
2019-12-16 16:00,,,yesterday:None
2019-12-16 20:00,,,yesterday:None
2019-12-17 00:00,,,yesterday:None
2019-12-17 04:00,,,yesterday:None
2019-12-17 08:00,,,yesterday:None
2019-12-17 12:00,,,yesterday:None
2019-12-17 16:00,,,yesterday:None
2019-12-17 20:00,,,yesterday:None
2019-12-18 00:00,,,yesterday:None
2019-12-18 04:00,,,yesterday:None
2019-12-18 08:00,,,yesterday:None
2019-12-18 12:00,,,yesterday:None
2019-12-18 16:00,,,yesterday:None
2019-12-18 20:00,,,yesterday:None
2019-12-19 00:00,,,yesterday:None
2019-12-19 04:00,,,yesterday:None
2019-12-19 08:00,,,yesterday:None
2019-12-19 12:00,,,yesterday:None
2019-12-19 16:00,,,yesterday:None
2019-12-19 20:00,,,yesterday:None
2019-12-20 00:00,,,yesterday:None
2019-12-20 04:00,,,yesterday:None
2019-12-20 08:00,,,yesterday:None
2019-12-20 12:00,,,yesterday:None
2019-12-20 16:00,,,yesterday:None
2019-12-20 20:00,,,yesterday:None
2019-12-21 00:00,,,yesterday:None
2019-12-21 04:00,,,yesterday:None
2019-12-21 08:00,,,yesterday:None
2019-12-21 12:00,,,yesterday:None
2019-12-21 16:00,,,yesterday:None
2019-12-21 20:00,,,yesterday:None
2019-12-22 00:00,,,yesterday:None
2019-12-22 04:00,,,yesterday:None
2019-12-22 08:00,,,yesterday:None
2019-12-22 12:00,,,yesterday:None
2019-12-22 16:00,,,yesterday:None
2019-12-22 20:00,,,yesterday:None
2019-12-23 00:00,,,yesterday:None
2019-12-23 04:00,,,yesterday:None
2019-12-23 08:00,,,yesterday:None
2019-12-23 12:00,,,yesterday:None
2019-12-23 16:00,,,yesterday:None
2019-12-23 20:00,,,yesterday:None
2019-12-24 00:00,,,yesterday:None
2019-12-24 04:00,,,yesterday:None
2019-12-24 08:00,,,yesterday:None
2019-12-24 12:00,,,yesterday:None
2019-12-24 16:00,,,yesterday:None
2019-12-24 20:00,,,yesterday:None
2019-12-25 00:00,,,yesterday:None
2019-12-25 04:00,,,yesterday:None
2019-12-25 08:00,,,yesterday:None
2019-12-25 12:00,,,yesterday:None
2019-12-25 16:00,,,yesterday:None
2019-12-25 20:00,,,yesterday:None
2019-12-26 00:00,,,yesterday:None
2019-12-26 04:00,,,yesterday:None
2019-12-26 08:00,,,yesterday:None
2019-12-26 12:00,,,yesterday:None
2019-12-26 16:00,,,yesterday:None
2019-12-26 20:00,,,yesterday:None
2019-12-27 00:00,,,yesterday:None
2019-12-27 04:00,,,yesterday:None
2019-12-27 08:00,,,yesterday:None
2019-12-27 12:00,,,yesterday:None
2019-12-27 16:00,,,yesterday:None
2019-12-27 20:00,,,yesterday:None
2019-12-28 00:00,,,yesterday:None
2019-12-28 04:00,,,yesterday:None
2019-12-28 08:00,,,yesterday:None
2019-12-28 12:00,,,yesterday:None
2019-12-28 16:00,,,yesterday:None
2019-12-28 20:00,,,yesterday:None
2019-12-29 00:00,,,yesterday:None
2019-12-29 04:00,,,yesterday:None
2019-12-29 08:00,,,yesterday:None
2019-12-29 12:00,,,yesterday:None
2019-12-29 16:00,,,yesterday:None
2019-12-29 20:00,,,yesterday:None
2019-12-30 00:00,,,yesterday:None
2019-12-30 04:00,,,yesterday:None
2019-12-30 08:00,,,yesterday:None
2019-12-30 12:00,,,yesterday:None
2019-12-30 16:00,,,yesterday:None
2019-12-30 20:00,,,yesterday:None
2019-12-31 00:00,,,yesterday:None
2019-12-31 04:00,,,yesterday:None
2019-12-31 08:00,,,yesterday:None
2019-12-31 12:00,,,yesterday:None
2019-12-31 16:00,,,yesterday:None
2019-12-31 20:00,,,yesterday:None
